time	ymintpow	YQ_i_AKNP_chan_11	YQ_i_AKNP_chan_12	YQ_i_AKNP_chan_13	YQ_W_AKNP_11	YQ_AKPM_WT_11	offset_svrk	offset_akpm
60000.30078125	99.77088165283203	2560610048.0	2971276288.0	1496162688.0	98.10357666015625	92.21077728271484	7.425712585449219	-26.619842648506165
60600.30078125	99.77118682861328	2560770048.0	2971530496.0	1496416256.0	98.10900115966797	92.21736145019531	7.4185333251953125	-26.619595289230347
61200.30078125	99.7711181640625	2561001984.0	2971820032.0	1496654144.0	98.11561584472656	92.22246551513672	7.411126613616943	-26.621219515800476
61800.30078125	99.7709732055664	2561218560.0	2972042240.0	1496790784.0	98.12097930908203	92.22868347167969	7.397663593292236	-26.623988151550293
62400.30078125	99.7709732055664	2561574912.0	2972353024.0	1496912640.0	98.1288070678711	92.23372650146484	7.384943008422852	-26.63002908229828
63000.30078125	99.77096557617188	2561931776.0	2972630272.0	1497015232.0	98.13645935058594	92.24108123779297	7.370217323303223	-26.636624336242676
63600.30078125	99.7709732055664	2562291968.0	2972864768.0	1496990592.0	98.14295959472656	92.24827575683594	7.353399753570557	-26.64487659931183
64200.30078125	99.7710952758789	2562724352.0	2973135616.0	1496990144.0	98.15103149414062	92.25437927246094	7.3375115394592285	-26.654651761054993
64800.30078125	99.77102661132812	2563131392.0	2973371904.0	1496960128.0	98.15835571289062	92.26195526123047	7.3141326904296875	-26.664289832115173
65400.30078125	99.77104187011719	2563665664.0	2973628416.0	1496767936.0	98.16650390625	92.26885223388672	7.287777900695801	-26.678860187530518
66000.296875	99.77079010009766	2564313344.0	2973944320.0	1496602624.0	98.17701721191406	92.27650451660156	7.268782138824463	-26.695874333381653
66600.296875	99.77080535888672	2564802816.0	2974172672.0	1496475392.0	98.18495178222656	92.28639221191406	7.238677024841309	-26.708856225013733
67200.296875	99.77118682861328	2565474816.0	2974428672.0	1496126400.0	98.19416809082031	92.2938461303711	7.215668201446533	-26.728814840316772
67800.296875	99.77107238769531	2566030080.0	2974652416.0	1495915392.0	98.20252227783203	92.30252075195312	7.1847124099731445	-26.744496822357178
68400.296875	99.77100372314453	2566736128.0	2974900224.0	1495540864.0	98.21212768554688	92.31037139892578	7.149010181427002	-26.7657607793808
69000.296875	99.77100372314453	2567556352.0	2975165952.0	1495064192.0	98.22288513183594	92.31939697265625	7.117054462432861	-26.791033148765564
69600.296875	99.7708511352539	2568360960.0	2975453440.0	1494684288.0	98.23428344726562	92.32951354980469	7.07866096496582	-26.814791560173035
70200.296875	99.77100372314453	2569267968.0	2975749376.0	1494172224.0	98.24632263183594	92.3402328491211	7.044265270233154	-26.84258222579956
70800.296875	99.77105712890625	2570093568.0	2976019712.0	1493739008.0	98.25759887695312	92.35154724121094	7.009891510009766	-26.867586374282837
71400.296875	99.77106475830078	2570915328.0	2976222720.0	1493096576.0	98.26679992675781	92.36214447021484	6.967286586761475	-26.89499855041504
72000.296875	99.77104187011719	2571854336.0	2976434688.0	1492339904.0	98.277099609375	92.37078857421875	6.9282426834106445	-26.926720142364502
72600.296875	99.77091979980469	2572772352.0	2976668416.0	1491705536.0	98.28816986083984	92.3804702758789	6.883405685424805	-26.956531405448914
73200.296875	99.7710952758789	2573753600.0	2976896256.0	1490977984.0	98.29953002929688	92.39088439941406	6.833823204040527	-26.989057660102844
73800.296875	99.77101135253906	2574855168.0	2977139200.0	1490152768.0	98.31221008300781	92.40155792236328	6.7953901290893555	-27.02576518058777
74400.296875	99.77117919921875	2575756800.0	2977365760.0	1489564544.0	98.32342529296875	92.41348266601562	6.751161575317383	-27.054762840270996
75000.296875	99.77082824707031	2576712448.0	2977549824.0	1488782336.0	98.33377838134766	92.42402648925781	6.703861713409424	-27.087455987930298
75600.296875	99.77102661132812	2577754368.0	2977755904.0	1487953984.0	98.34530639648438	92.43374633789062	6.6445698738098145	-27.122819423675537
76200.296875	99.77099609375	2579019008.0	2977980928.0	1486888192.0	98.35872650146484	92.44459533691406	6.593018054962158	-27.166521549224854
76800.296875	99.7708969116211	2580163072.0	2978200320.0	1485968896.0	98.37129211425781	92.45719909667969	6.548868656158447	-27.20550000667572
77400.296875	99.77108764648438	2581186048.0	2978405120.0	1485190272.0	98.38294982910156	92.4690170288086	6.49350118637085	-27.23987102508545
78000.296875	99.77112579345703	2582361088.0	2978588160.0	1484155392.0	98.39498901367188	92.47997283935547	6.449197292327881	-27.281111478805542
78600.296875	99.7710952758789	2583382784.0	2978799360.0	1483415744.0	98.406982421875	92.49128723144531	6.381376266479492	-27.315011620521545
79200.296875	99.7708969116211	2584784128.0	2978968832.0	1482057408.0	98.42015075683594	92.50257110595703	6.327207565307617	-27.365759015083313
79800.296875	99.77083587646484	2586011392.0	2979202560.0	1481128704.0	98.4341812133789	92.51493835449219	6.271339416503906	-27.407023310661316
80400.296875	99.77099609375	2587232000.0	2979357440.0	1479935232.0	98.445556640625	92.52813720703125	6.214764595031738	-27.451220154762268
81000.296875	99.7709732055664	2588440064.0	2979522560.0	1478839872.0	98.45762634277344	92.538818359375	6.165939807891846	-27.494072914123535
81600.296875	99.77098083496094	2589528064.0	2979707392.0	1477969408.0	98.46961212158203	92.55017852783203	6.09928560256958	-27.531269192695618
82200.296875	99.77114868164062	2590923008.0	2979861248.0	1476619584.0	98.48274230957031	92.56143188476562	6.029717922210693	-27.581864595413208
82800.296875	99.7709732055664	2592427776.0	2980056576.0	1475257216.0	98.497802734375	92.57376861572266	5.98308801651001	-27.63528823852539
83400.296875	99.77112579345703	2593546496.0	2980271872.0	1474458432.0	98.51104736328125	92.58792877197266	5.913047790527344	-27.67237424850464
84000.296875	99.77098083496094	2594963968.0	2980363520.0	1472927168.0	98.52285766601562	92.60037231445312	5.862928867340088	-27.72582471370697
84600.296875	99.77099609375	2596076288.0	2980535552.0	1472022208.0	98.53497314453125	92.61148834228516	5.798567295074463	-27.764108777046204
85200.296875	99.77092742919922	2597430528.0	2980671744.0	1470713600.0	98.5477294921875	92.62287902832031	5.727735996246338	-27.81328558921814
85800.296875	99.77112579345703	2598964992.0	2980843264.0	1469286720.0	98.56272888183594	92.63487243652344	5.667314052581787	-27.86828875541687
86400.296875	99.77108764648438	2600337920.0	2981028096.0	1468108928.0	98.57708740234375	92.64895629882812	5.597492694854736	-27.91632115840912
87000.296875	99.77085876464844	2601800704.0	2981166592.0	1466693248.0	98.59085083007812	92.66246795654297	5.537391185760498	-27.96948254108429
87600.296875	99.77101135253906	2603114752.0	2981330176.0	1465539648.0	98.60435485839844	92.67539978027344	5.479763984680176	-28.01576554775238
88200.296875	99.77094268798828	2604382976.0	2981469696.0	1464377088.0	98.61690521240234	92.68809509277344	5.410236358642578	-28.06106209754944
88800.296875	99.77105712890625	2605818368.0	2981534208.0	1462735168.0	98.62799072265625	92.69988250732422	5.348973274230957	-28.116139769554138
89400.296875	99.77099609375	2607179008.0	2981660672.0	1461414912.0	98.64075469970703	92.71031188964844	5.281236171722412	-28.16559374332428
90000.296875	99.77068328857422	2608581632.0	2981752064.0	1459957120.0	98.65298461914062	92.72230529785156	5.208678722381592	-28.217825293540955
90600.296875	99.7708969116211	2610112512.0	2981865984.0	1458418688.0	98.6668472290039	92.73381805419922	5.154170989990234	-28.274187445640564
91200.296875	99.77099609375	2611358976.0	2982028288.0	1457370816.0	98.68009948730469	92.74684143066406	5.092884063720703	-28.31752598285675
91800.296875	99.77108764648438	2612639232.0	2982105344.0	1456046528.0	98.69132995605469	92.75928497314453	5.029251575469971	-28.365176916122437
92400.296875	99.77100372314453	2613977600.0	2982176256.0	1454637120.0	98.70281982421875	92.76985168457031	4.951401233673096	-28.415274620056152
93000.296875	99.77102661132812	2615568128.0	2982243840.0	1452920384.0	98.71607971191406	92.7806396484375	4.885219573974609	-28.475359082221985
93600.296875	99.77108764648438	2617006080.0	2982383360.0	1451597888.0	98.73027801513672	92.79312133789062	4.830172061920166	-28.526800870895386
94200.296875	99.77092742919922	2618251520.0	2982502144.0	1450450112.0	98.74254608154297	92.80647277832031	4.762567520141602	-28.5713791847229
94800.296875	99.7709732055664	2619631616.0	2982552064.0	1448952896.0	98.75398254394531	92.81800079345703	4.709880352020264	-28.62361967563629
95400.296875	99.77108764648438	2620822528.0	2982684416.0	1447914880.0	98.76628875732422	92.82874298095703	4.630779266357422	-28.665506839752197
96000.296875	99.77100372314453	2622415104.0	2982713856.0	1446113024.0	98.77877044677734	92.84031677246094	4.569117546081543	-28.726714849472046
96600.296875	99.77104187011719	2623778048.0	2982838784.0	1444843840.0	98.79206848144531	92.85203552246094	4.506844997406006	-28.77560555934906
97200.296875	99.7709732055664	2625116416.0	2982910208.0	1443448320.0	98.80370330810547	92.86454772949219	4.44510555267334	-28.825461864471436
97800.296875	99.77108764648438	2626411776.0	2982973696.0	1442095808.0	98.81494140625	92.87547302246094	4.39304256439209	-28.873786330223083
98400.296875	99.77092742919922	2627539456.0	2983056128.0	1440999552.0	98.82550048828125	92.88603973388672	4.323397159576416	-28.914833068847656
99000.296875	99.77092742919922	2628950272.0	2983063552.0	1439368384.0	98.83622741699219	92.89598083496094	4.252181529998779	-28.969481587409973
99600.296875	99.77104187011719	2630460160.0	2983129600.0	1437788288.0	98.84929656982422	92.90605926513672	4.205458164215088	-29.025885462760925
100200.296875	99.7710952758789	2631568896.0	2983271424.0	1436897664.0	98.86148071289062	92.9183578491211	4.136531829833984	-29.063913226127625
100800.296875	99.77098083496094	2632931328.0	2983203072.0	1435086400.0	98.86956787109375	92.9297866821289	4.088198184967041	-29.119524359703064
101400.296875	99.77100372314453	2634001664.0	2983307008.0	1434126336.0	98.88037109375	92.93738555908203	4.027458190917969	-29.157453775405884
102000.296875	99.7711181640625	2635227904.0	2983288576.0	1432649728.0	98.88912963867188	92.94754028320312	3.9618682861328125	-29.205676913261414
102600.296875	99.77103424072266	2636600320.0	2983301632.0	1431101440.0	98.89993286132812	92.9557876586914	3.9070773124694824	-29.258376359939575
103200.296875	99.77091217041016	2637825280.0	2983372288.0	1429891392.0	98.91121673583984	92.9659423828125	3.8449513912200928	-29.303231835365295
103800.296875	99.77108764648438	2639113472.0	2983408128.0	1428514240.0	98.92208862304688	92.97655487060547	3.7925851345062256	-29.351747035980225
104400.296875	99.77105712890625	2640250112.0	2983480064.0	1427414848.0	98.93278503417969	92.98677062988281	3.7431857585906982	-29.39307391643524
105000.296875	99.7708969116211	2641502976.0	2983582208.0	1426377728.0	98.94625854492188	92.9968032836914	3.684943199157715	-29.43686544895172
105600.296875	99.77088928222656	2642769152.0	2983616256.0	1425061952.0	98.95730590820312	93.00949096679688	3.6346349716186523	-29.484179615974426
106200.296875	99.7709732055664	2643894016.0	2983677184.0	1423953152.0	98.96769714355469	93.01986694335938	3.580002546310425	-29.525354504585266
106800.296875	99.77091217041016	2645029376.0	2983710208.0	1422752512.0	98.97740173339844	93.02963256835938	3.5227694511413574	-29.567918181419373
107400.296875	99.7710952758789	2646228736.0	2983733504.0	1421457792.0	98.98739624023438	93.03874969482422	3.4804224967956543	-29.613220691680908
108000.296875	99.7709732055664	2647196416.0	2983813632.0	1420579264.0	98.99705505371094	93.04814910888672	3.433825731277466	-29.64765727519989
108600.296875	99.77098083496094	2648176896.0	2983833088.0	1419522880.0	99.0052490234375	93.05722045898438	3.386312246322632	-29.684653878211975
109200.296875	99.77110290527344	2649167872.0	2983830016.0	1418396160.0	99.01296997070312	93.06493377685547	3.3292412757873535	-29.722818732261658
109800.296875	99.77112579345703	2650335232.0	2983832576.0	1417087552.0	99.0222396850586	93.07218170166016	3.2818093299865723	-29.767528176307678
110400.296875	99.7711181640625	2651362816.0	2983884032.0	1416063424.0	99.0316162109375	93.08090209960938	3.2430365085601807	-29.805201292037964
111000.296875	99.7711181640625	2652292864.0	2983974144.0	1415258816.0	99.04129028320312	93.08971405029297	3.196568012237549	-29.837778210639954
111600.296875	99.77100372314453	2653306368.0	2984010496.0	1414208704.0	99.05015563964844	93.09880828857422	3.1612110137939453	-29.875442385673523
112200.296875	99.77099609375	2654123520.0	2984070144.0	1413453824.0	99.05819702148438	93.1071548461914	3.1091561317443848	-29.904669523239136
112800.296875	99.77091217041016	2655256832.0	2984076800.0	1412239296.0	99.0677261352539	93.11470031738281	3.069587230682373	-29.9474835395813
113400.296875	99.77094268798828	2656160000.0	2984142336.0	1411415872.0	99.07670593261719	93.1236572265625	3.0305662155151367	-29.97969388961792
114000.296875	99.77108764648438	2657019904.0	2984176640.0	1410553920.0	99.08451843261719	93.13211059570312	2.992889881134033	-30.01132905483246
114600.296875	99.77110290527344	2657824512.0	2984205824.0	1409744384.0	99.09178924560547	93.13944244384766	2.96181583404541	-30.040988326072693
115200.296875	99.77094268798828	2658513152.0	2984203264.0	1408954560.0	99.09708404541016	93.14628601074219	2.92122483253479	-30.06751537322998
115800.296875	99.77104187011719	2659354112.0	2984171520.0	1407942528.0	99.10309600830078	93.1512680053711	2.8808300495147705	-30.10065257549286
116400.296875	99.77099609375	2660216576.0	2984165632.0	1406981120.0	99.11000061035156	93.15690612792969	2.8551340103149414	-30.133646726608276
117000.296875	99.77096557617188	2660836352.0	2984222208.0	1406459648.0	99.1165771484375	93.16340637207031	2.8182170391082764	-30.15521466732025
117600.296875	99.7711181640625	2661597696.0	2984207872.0	1405586048.0	99.1224365234375	93.1695785522461	2.7930378913879395	-30.18466830253601
118200.296875	99.77100372314453	2662147584.0	2984231936.0	1405059200.0	99.12765502929688	93.17508697509766	2.7623095512390137	-30.20462691783905
118800.296875	99.7708511352539	2662787328.0	2984229120.0	1404352256.0	99.13282775878906	93.18000030517578	2.7302780151367188	-30.22904396057129
119400.296875	99.77105712890625	2663452160.0	2984202240.0	1403566912.0	99.13772583007812	93.18486785888672	2.7042579650878906	-30.255088210105896
120000.296875	99.77092742919922	2664045568.0	2984230656.0	1403005568.0	99.1434326171875	93.18946838378906	2.6758999824523926	-30.27653694152832
120600.296875	99.77082824707031	2664648448.0	2984243200.0	1402392704.0	99.1488265991211	93.19482421875	2.6529598236083984	-30.29889464378357
121200.296875	99.77114868164062	2665144576.0	2984252416.0	1401891392.0	99.15328979492188	93.19990539550781	2.632131338119507	-30.31727969646454
121800.296875	99.77092742919922	2665607680.0	2984269568.0	1401445184.0	99.15766906738281	93.20408630371094	2.6087794303894043	-30.334141850471497
122400.296875	99.7709732055664	2666075648.0	2984239616.0	1400868608.0	99.16088104248047	93.20819854736328	2.5895869731903076	-30.35278618335724
123000.296875	99.77108764648438	2666506240.0	2984246784.0	1400431360.0	99.16473388671875	93.21123504638672	2.5698018074035645	-30.368775129318237
123600.296875	99.77099609375	2666895616.0	2984211456.0	1399928704.0	99.16719055175781	93.21484375	2.5501649379730225	-30.384615063667297
124200.296875	99.7711181640625	2667303936.0	2984194304.0	1399456512.0	99.17029571533203	93.21715545654297	2.5366756916046143	-30.400535464286804
124800.296875	99.77104187011719	2667605504.0	2984193792.0	1399144256.0	99.17293548583984	93.22007751464844	2.5228607654571533	-30.41183352470398
125400.296875	99.77095031738281	2667863552.0	2984144896.0	1398752704.0	99.17401123046875	93.2225570678711	2.5097501277923584	-30.42311668395996
126000.296875	99.77106475830078	2668155648.0	2984147712.0	1398467776.0	99.17672729492188	93.22356414794922	2.4952807426452637	-30.433857440948486
126600.296875	99.77099609375	2668452608.0	2984128512.0	1398121920.0	99.17896270751953	93.22612762451172	2.4844419956207275	-30.44552505016327
127200.296875	99.7710952758789	2668710144.0	2984146944.0	1397917184.0	99.18180847167969	93.22823333740234	2.47660493850708	-30.454427003860474
127800.296875	99.77094268798828	2668886528.0	2984136448.0	1397723200.0	99.18325805664062	93.23088836669922	2.468318223953247	-30.461248755455017
128400.296875	99.77104187011719	2669074176.0	2984135168.0	1397547584.0	99.18507385253906	93.23225402832031	2.462958574295044	-30.468130111694336
129000.296875	99.7708969116211	2669202688.0	2984135680.0	1397435136.0	99.1864013671875	93.23396301269531	2.4563751220703125	-30.47274649143219
129600.296875	99.77095031738281	2669344512.0	2984121856.0	1397282816.0	99.18759155273438	93.23522186279297	2.452578544616699	-30.478256940841675
130200.296875	99.77101135253906	2669435136.0	2984116992.0	1397203520.0	99.18852233886719	93.23633575439453	2.4500105381011963	-30.48158288002014
130800.296875	99.7710952758789	2669506304.0	2984116992.0	1397161856.0	99.189453125	93.23721313476562	2.448714256286621	-30.483967065811157
131400.296875	99.77106475830078	2669540352.0	2984107776.0	1397135872.0	99.1898422241211	93.23808288574219	2.4487884044647217	-30.485248565673828
132000.296875	99.77108764648438	2669545472.0	2984098560.0	1397135424.0	99.18992614746094	93.23844909667969	2.4502196311950684	-30.48551380634308
132600.296875	99.7709732055664	2669522944.0	2984082176.0	1397161856.0	99.18975830078125	93.238525390625	2.4532148838043213	-30.48482835292816
133200.296875	99.77091217041016	2669468416.0	2984066304.0	1397222784.0	99.1893310546875	93.2383804321289	2.456258535385132	-30.482929944992065
133800.296875	99.77092742919922	2669410048.0	2984054784.0	1397289984.0	99.18888092041016	93.23796844482422	2.462141752243042	-30.48081398010254
134400.296875	99.77083587646484	2669292800.0	2984034048.0	1397410944.0	99.18785095214844	93.23754119873047	2.4674971103668213	-30.476662516593933
135000.296875	99.77095031738281	2669176064.0	2984006400.0	1397499648.0	99.1865234375	93.23657989501953	2.475475549697876	-30.47287166118622
135600.296875	99.77085876464844	2669012224.0	2983983360.0	1397662272.0	99.18501281738281	93.23533630371094	2.4856159687042236	-30.46705424785614
136200.296875	99.77104187011719	2668792064.0	2983946240.0	1397853568.0	99.1827392578125	93.23390197753906	2.4952962398529053	-30.459558963775635
136800.296875	99.77120971679688	2668579072.0	2983916032.0	1398052032.0	99.1806640625	93.23176574707031	2.507750988006592	-30.452123284339905
137400.296875	99.77099609375	2668318464.0	2983885824.0	1398306048.0	99.17822265625	93.22982788085938	2.519552707672119	-30.442824959754944
138000.296875	99.7711181640625	2668068096.0	2983857920.0	1398549312.0	99.17587280273438	93.2275161743164	2.531892776489258	-30.4339200258255
138600.296875	99.77094268798828	2667795456.0	2983822592.0	1398797056.0	99.17315673828125	93.2253189086914	2.5478293895721436	-30.42440116405487
139200.296875	99.77100372314453	2667460096.0	2983791104.0	1399129472.0	99.17007446289062	93.22277069091797	2.5630507469177246	-30.412325263023376
139800.296875	99.7709732055664	2667096576.0	2983723264.0	1399390656.0	99.16578674316406	93.2198715209961	2.580925464630127	-30.40046989917755
140400.296875	99.7709732055664	2666739712.0	2983708928.0	1399794752.0	99.16299438476562	93.21585083007812	2.6013312339782715	-30.38698136806488
141000.296875	99.77083587646484	2666280192.0	2983642112.0	1400171072.0	99.15802001953125	93.21321868896484	2.6175341606140137	-30.371364951133728
141600.296875	99.77092742919922	2665905408.0	2983589888.0	1400479744.0	99.15396881103516	93.20853424072266	2.636667490005493	-30.358600616455078
142200.296875	99.77092742919922	2665516800.0	2983579136.0	1400924160.0	99.15097045898438	93.20472717285156	2.6575875282287598	-30.34379482269287
142800.296875	99.77092742919922	2665043712.0	2983519232.0	1401331840.0	99.14604187011719	93.201904296875	2.6843719482421875	-30.327463150024414
143400.296875	99.77108764648438	2664484608.0	2983484928.0	1401912000.0	99.14115142822266	93.1972885131836	2.7081143856048584	-30.30688464641571
144000.296875	99.77104187011719	2663960576.0	2983431680.0	1402392256.0	99.1359634399414	93.19268035888672	2.728803873062134	-30.288395285606384
144600.296875	99.7711181640625	2663481856.0	2983374336.0	1402810240.0	99.13102722167969	93.18779754638672	2.7552073001861572	-30.271771550178528
145200.296875	99.77091979980469	2662943744.0	2983357696.0	1403410112.0	99.12671661376953	93.18315887451172	2.776704788208008	-30.251416563987732
145800.296875	99.77103424072266	2662449664.0	2983296512.0	1403827200.0	99.1214828491211	93.17911529541016	2.810147762298584	-30.234402418136597
146400.296875	99.77104187011719	2661777408.0	2983282944.0	1404597760.0	99.11630249023438	93.17418670654297	2.8372790813446045	-30.208706855773926
147000.296875	99.7709732055664	2661170688.0	2983218432.0	1405137600.0	99.11014556884766	93.16931915283203	2.865715742111206	-30.187442898750305
147600.296875	99.77107238769531	2660546560.0	2983161344.0	1405725824.0	99.1041259765625	93.16354370117188	2.894838809967041	-30.165183544158936
148200.296875	99.77114868164062	2659947008.0	2983142912.0	1406384832.0	99.0992431640625	93.15786743164062	2.92022705078125	-30.14257848262787
148800.296875	99.77104187011719	2659399936.0	2983104512.0	1406929152.0	99.09423065185547	93.15328979492188	2.955453872680664	-30.122679471969604
149400.296875	99.77098083496094	2658674432.0	2983079936.0	1407725248.0	99.08831024169922	93.1485824584961	2.99276065826416	-30.09534478187561
150000.296875	99.77091217041016	2657870336.0	2983024640.0	1408519552.0	99.08089447021484	93.14301300048828	3.0179121494293213	-30.06613254547119
150600.296875	99.77094268798828	2657279232.0	2982955264.0	1409023104.0	99.07467651367188	93.13603973388672	3.0562548637390137	-30.0456702709198
151200.296875	99.77108764648438	2656505344.0	2982947328.0	1409915968.0	99.06877136230469	93.13018798828125	3.0839571952819824	-30.01590669155121
151800.296875	99.77104187011719	2655886592.0	2982875904.0	1410447296.0	99.06230163574219	93.1246566772461	3.1198387145996094	-29.99444007873535
152400.296875	99.7709732055664	2655135488.0	2982838784.0	1411232640.0	99.05580139160156	93.11856079101562	3.1595897674560547	-29.966577887535095
153000.296875	99.77100372314453	2654286080.0	2982797824.0	1412115200.0	99.04838562011719	93.1124496459961	3.1937637329101562	-29.93512451648712
153600.296875	99.7709732055664	2653518080.0	2982737152.0	1412844096.0	99.04103088378906	93.10547637939453	3.233471155166626	-29.907533526420593
154200.296875	99.77094268798828	2652695552.0	2982705664.0	1413718144.0	99.0340347290039	93.09857177734375	3.2681267261505127	-29.876798391342163
154800.296875	99.77100372314453	2651945216.0	2982703616.0	1414615040.0	99.02861022949219	93.09197998046875	3.3015613555908203	-29.847586154937744
155400.296875	99.77108764648438	2651217920.0	2982685184.0	1415409792.0	99.02264404296875	93.08689880371094	3.3420536518096924	-29.82010543346405
156000.296875	99.77100372314453	2650374656.0	2982673664.0	1416360000.0	99.0159912109375	93.08126831054688	3.3780012130737305	-29.787877202033997
156600.296875	99.7710952758789	2649564416.0	2982615808.0	1417143104.0	99.00836181640625	93.07502746582031	3.418227195739746	-29.758548736572266
157200.296875	99.7711181640625	2648625920.0	2982540032.0	1417998336.0	98.9990234375	93.06785583496094	3.461541175842285	-29.72513437271118
157800.296875	99.77100372314453	2647622656.0	2982450944.0	1418920320.0	98.9891128540039	93.05907440185547	3.494448184967041	-29.689425230026245
158400.296875	99.77105712890625	2646834944.0	2982355456.0	1419583808.0	98.98075103759766	93.04977416992188	3.531764507293701	-29.66218888759613
159000.296875	99.77101135253906	2646020864.0	2982300672.0	1420384832.0	98.97322082519531	93.04190063476562	3.570706367492676	-29.632538557052612
159600.296875	99.77102661132812	2645176832.0	2982259200.0	1421255296.0	98.96578979492188	93.03482055664062	3.618736505508423	-29.601266980171204
160200.296875	99.77100372314453	2644161280.0	2982209024.0	1422303616.0	98.95686340332031	93.02784729003906	3.659834384918213	-29.563653469085693
160800.296875	99.77102661132812	2643234816.0	2982099712.0	1423079104.0	98.94699096679688	93.01944732666016	3.694225788116455	-29.531583189964294
161400.296875	99.77108764648438	2642432000.0	2982007808.0	1423754688.0	98.93846130371094	93.01017761230469	3.737017869949341	-29.503750801086426
162000.296875	99.77092742919922	2641525504.0	2981949952.0	1424660544.0	98.93020629882812	93.00215911865234	3.7705633640289307	-29.470539093017578
162600.296875	99.77092742919922	2640753920.0	2981861120.0	1425317760.0	98.92208862304688	92.99439239501953	3.821110248565674	-29.443705081939697
163200.296875	99.77085876464844	2639724544.0	2981845248.0	1426480768.0	98.91400146484375	92.98677062988281	3.860726833343506	-29.40426766872406
163800.296875	99.77094268798828	2638822912.0	2981744128.0	1427251328.0	98.904541015625	92.97916412353516	3.900998115539551	-29.37282919883728
164400.296875	99.7709732055664	2637938432.0	2981679872.0	1428107008.0	98.89620971679688	92.97026824951172	3.9411697387695312	-29.340749979019165
165000.296875	99.77094268798828	2637067008.0	2981611264.0	1428932224.0	98.88784790039062	92.96244049072266	3.9752562046051025	-29.309332370758057
165600.296875	99.77100372314453	2636337920.0	2981572352.0	1429674560.0	98.88133239746094	92.95457458496094	4.021121501922607	-29.28241193294525
166200.296875	99.77101135253906	2635401728.0	2981563904.0	1430745280.0	98.87409973144531	92.94845581054688	4.0684075355529785	-29.246318340301514
166800.296875	99.77108764648438	2634183680.0	2981456128.0	1431734464.0	98.86082458496094	92.941650390625	4.099593162536621	-29.203957319259644
167400.296875	99.77104187011719	2633412096.0	2981365504.0	1432360768.0	98.85240936279297	92.9291763305664	4.145925521850586	-29.177355766296387
168000.296875	99.77104187011719	2632461312.0	2981350912.0	1433432384.0	98.84491729736328	92.92127227783203	4.178614139556885	-29.14089858531952
168600.296875	99.77110290527344	2631719168.0	2981261312.0	1434047488.0	98.83694458007812	92.91422271728516	4.219946384429932	-29.115208983421326
169200.296875	99.77106475830078	2630868736.0	2981254144.0	1435016064.0	98.83033752441406	92.90672302246094	4.264599323272705	-29.082441329956055
169800.296875	99.77101135253906	2629932032.0	2981250304.0	1436092160.0	98.82315063476562	92.9005126953125	4.302279949188232	-29.04621660709381
170400.296875	99.77118682861328	2629075456.0	2981189632.0	1436915136.0	98.81503295898438	92.89375305175781	4.345309734344482	-29.015111923217773
171000.296875	99.77100372314453	2628170496.0	2981154048.0	1437863552.0	98.80722045898438	92.88614654541016	4.381899356842041	-28.981229662895203
171600.296875	99.77092742919922	2627361280.0	2981087232.0	1438615296.0	98.79930114746094	92.87879180908203	4.416572570800781	-28.952163457870483
172200.296875	99.77107238769531	2626610944.0	2981105408.0	1439576704.0	98.79449462890625	92.871337890625	4.457822799682617	-28.922012448310852
172800.296875	99.77113342285156	2625756160.0	2981109504.0	1440596352.0	98.78829956054688	92.86682891845703	4.493556022644043	-28.88852059841156
173400.296875	99.77092742919922	2624965888.0	2981085952.0	1441451136.0	98.78173065185547	92.86100769042969	4.532675266265869	-28.85860800743103
174000.296875	99.77096557617188	2624168704.0	2981085184.0	1442372672.0	98.77566528320312	92.85482025146484	4.57401704788208	-28.827661275863647
174600.296875	99.77108764648438	2623290112.0	2981052672.0	1443296000.0	98.76810455322266	92.84912109375	4.604574203491211	-28.79469096660614
175200.296875	99.77102661132812	2622605824.0	2981009408.0	1443963968.0	98.76171875	92.8420181274414	4.638575077056885	-28.76964807510376
175800.296875	99.77101135253906	2621892352.0	2980991744.0	1444738112.0	98.75580596923828	92.83602142333984	4.673455238342285	-28.742563724517822
176400.296875	99.77103424072266	2621149184.0	2980969472.0	1445531072.0	98.74952697753906	92.83045196533203	4.715423107147217	-28.714504837989807
177000.296875	99.77108764648438	2620308992.0	2980985600.0	1446543552.0	98.7435302734375	92.82455444335938	4.750594139099121	-28.681334853172302
177600.296875	99.77104187011719	2619536128.0	2980928256.0	1447273344.0	98.736083984375	92.81892395019531	4.779487609863281	-28.65334153175354
178200.296875	99.77101135253906	2618882816.0	2980888576.0	1447912640.0	98.7300033569336	92.81192016601562	4.814632415771484	-28.629374504089355
178800.296875	99.77106475830078	2618163200.0	2980887296.0	1448751296.0	98.72459411621094	92.80620574951172	4.8415985107421875	-28.601357340812683
179400.296875	99.77101135253906	2617555968.0	2980848640.0	1449360128.0	98.71908569335938	92.80111694335938	4.881485462188721	-28.578969836235046
180000.296875	99.7708969116211	2616771072.0	2980887296.0	1450389184.0	98.71428680419922	92.79594421386719	4.912149429321289	-28.546971082687378
180600.296875	99.77100372314453	2616087296.0	2980837120.0	1451039232.0	98.7077407836914	92.79142761230469	4.942569732666016	-28.522145748138428
181200.296875	99.7709732055664	2615444992.0	2980831744.0	1451764992.0	98.70269775390625	92.78527069091797	4.972415924072266	-28.49736511707306
181800.296875	99.77100372314453	2614811136.0	2980805120.0	1452419520.0	98.69712829589844	92.78053283691406	4.997169494628906	-28.473681211471558
182400.296875	99.77110290527344	2614267648.0	2980769792.0	1452945920.0	98.6920166015625	92.77528381347656	5.029867649078369	-28.45381200313568
183000.296875	99.77088928222656	2613597184.0	2980769280.0	1453718720.0	98.68690490722656	92.77049255371094	5.062589645385742	-28.427746891975403
183600.296875	99.77105712890625	2612935680.0	2980795904.0	1454546176.0	98.6824722290039	92.76568603515625	5.0837178230285645	-28.401154279708862
184200.296875	99.771240234375	2612438784.0	2980751360.0	1454988352.0	98.67742919921875	92.76152801513672	5.1145172119140625	-28.38345170021057
184800.296875	99.77099609375	2611828736.0	2980775936.0	1455756224.0	98.67338562011719	92.75677490234375	5.1355133056640625	-28.35889458656311
185400.296875	99.77095031738281	2611376128.0	2980751360.0	1456201088.0	98.669189453125	92.75298309326172	5.161609649658203	-28.342214226722717
186000.296875	99.77116394042969	2610828544.0	2980721152.0	1456737344.0	98.66410827636719	92.74903106689453	5.189310550689697	-28.322073817253113
186600.296875	99.77108764648438	2610228992.0	2980684032.0	1457308992.0	98.65838623046875	92.74427032470703	5.212012767791748	-28.300178050994873
187200.296875	99.77103424072266	2609703936.0	2980633600.0	1457767296.0	98.65296173095703	92.73887634277344	5.2372965812683105	-28.28156352043152
187800.296875	99.77114868164062	2609178624.0	2980620288.0	1458326848.0	98.64850616455078	92.73377990722656	5.258208274841309	-28.26164960861206
188400.296875	99.77127075195312	2608734208.0	2980606208.0	1458786048.0	98.64460754394531	92.72959899902344	5.277467727661133	-28.244981169700623
189000.296875	99.77104187011719	2608318208.0	2980591360.0	1459217472.0	98.6409683227539	92.72592163085938	5.2996344566345215	-28.22936475276947
189600.296875	99.77104187011719	2607869696.0	2980598528.0	1459742080.0	98.63761901855469	92.7225112915039	5.318339824676514	-28.21176052093506
190200.296875	99.77100372314453	2607444736.0	2980568064.0	1460138560.0	98.63348388671875	92.71935272216797	5.338192939758301	-28.19635570049286
190800.296875	99.77108764648438	2607051264.0	2980581632.0	1460615232.0	98.63069152832031	92.71546936035156	5.358490467071533	-28.180688619613647
191400.296875	99.77104187011719	2606617600.0	2980564480.0	1461055168.0	98.6268081665039	92.71285247802734	5.372990608215332	-28.164497017860413
192000.296875	99.77103424072266	2606294528.0	2980547328.0	1461368768.0	98.623779296875	92.70919799804688	5.388425827026367	-28.152620792388916
192600.296875	99.77096557617188	2606011648.0	2980591616.0	1461806016.0	98.6226806640625	92.70635223388672	5.403785228729248	-28.140172362327576
193200.296875	99.77114868164062	2605689856.0	2980592640.0	1462165312.0	98.6201171875	92.705322265625	5.421699047088623	-28.127717971801758
193800.296875	99.77098083496094	2605338880.0	2980609024.0	1462602560.0	98.61775207519531	92.7029037475586	5.4359893798828125	-28.113573789596558
194400.296875	99.77108764648438	2605011200.0	2980572672.0	1462865984.0	98.61415100097656	92.70069122314453	5.447147369384766	-28.102201223373413
195000.296875	99.77104187011719	2604792320.0	2980600320.0	1463180480.0	98.61308288574219	92.69729614257812	5.460080146789551	-28.09283435344696
195600.296875	99.77092742919922	2604531456.0	2980606208.0	1463481984.0	98.61109924316406	92.69629669189453	5.469465255737305	-28.082597255706787
196200.296875	99.77122497558594	2604324608.0	2980597248.0	1463684928.0	98.60917663574219	92.69442749023438	5.482596397399902	-28.074941039085388
196800.296875	99.77101135253906	2604062208.0	2980607488.0	1463997184.0	98.60726928710938	92.692626953125	5.492010593414307	-28.06452214717865
197400.296875	99.77100372314453	2603859200.0	2980602368.0	1464204608.0	98.60545349121094	92.69082641601562	5.500766754150391	-28.056904673576355
198000.296875	99.77101135253906	2603669248.0	2980598272.0	1464397696.0	98.603759765625	92.68912506103516	5.508607387542725	-28.049758076667786
198600.296875	99.7711181640625	2603515392.0	2980611072.0	1464593920.0	98.60276794433594	92.68751525878906	5.514594078063965	-28.043469786643982
199200.296875	99.77115631103516	2603384576.0	2980605952.0	1464716672.0	98.60150146484375	92.68660736083984	5.521739482879639	-28.038668632507324
199800.296875	99.77088928222656	2603235328.0	2980607488.0	1464875264.0	98.60023498535156	92.68540954589844	5.5281596183776855	-28.032946586608887
200400.296875	99.77088928222656	2603105024.0	2980613888.0	1465023552.0	98.59921264648438	92.68421936035156	5.5316996574401855	-28.027838468551636
201000.296875	99.77100372314453	2603017728.0	2980605952.0	1465089408.0	98.59822082519531	92.68325805664062	5.536085605621338	-28.024810552597046
201600.296875	99.7709732055664	2602927360.0	2980610816.0	1465187072.0	98.59746551513672	92.68233489990234	5.538510322570801	-28.02128791809082
202200.296875	99.77115631103516	2602876160.0	2980611840.0	1465236800.0	98.59698486328125	92.68162536621094	5.540744781494141	-28.019359707832336
202800.296875	99.77102661132812	2602826240.0	2980613376.0	1465279360.0	98.5964584350586	92.68116760253906	5.542214870452881	-28.01753282546997
203400.296875	99.77103424072266	2602803968.0	2980631552.0	1465337152.0	98.59660339355469	92.68067169189453	5.542725086212158	-28.01617681980133
204000.296875	99.77100372314453	2602795264.0	2980640512.0	1465354624.0	98.59660339355469	92.6808090209961	5.542387008666992	-28.01569402217865
204600.296875	99.77100372314453	2602803456.0	2980648960.0	1465351488.0	98.59672546386719	92.6808090209961	5.541337013244629	-28.01586091518402
205200.296875	99.77091217041016	2602825728.0	2980655872.0	1465329088.0	98.596923828125	92.68091583251953	5.539634704589844	-28.016602993011475
205800.296875	99.77099609375	2602861312.0	2980661248.0	1465287872.0	98.59719848632812	92.68110656738281	5.536773681640625	-28.0179500579834
206400.296875	99.7711181640625	2602922240.0	2980670976.0	1465226496.0	98.59774780273438	92.68136596679688	5.533477783203125	-28.020140528678894
207000.296875	99.77101135253906	2602993664.0	2980680704.0	1465155712.0	98.59840393066406	92.68186950683594	5.529094219207764	-28.022703528404236
207600.296875	99.77104187011719	2603086848.0	2980691968.0	1465062976.0	98.59925842285156	92.6824951171875	5.523435592651367	-28.026083111763
208200.296875	99.77100372314453	2603215360.0	2980715264.0	1464961728.0	98.6006851196289	92.68330383300781	5.51858377456665	-28.03044617176056
208800.296875	99.77100372314453	2603322368.0	2980727808.0	1464857792.0	98.60169219970703	92.68463134765625	5.51245641708374	-28.034299612045288
209400.296875	99.77100372314453	2603459072.0	2980747264.0	1464739520.0	98.60311126708984	92.68560028076172	5.505360126495361	-28.03906798362732
210000.296875	99.77099609375	2603604992.0	2980753408.0	1464573312.0	98.604248046875	92.68692779541016	5.495898246765137	-28.0446857213974
210600.296875	99.77082824707031	2603802624.0	2980767488.0	1464364544.0	98.60594177246094	92.68799591064453	5.487061023712158	-28.052064776420593
211200.296875	99.77098083496094	2603988224.0	2980779520.0	1464169664.0	98.60752868652344	92.68958282470703	5.479104995727539	-28.05899679660797
211800.296875	99.77104187011719	2604171008.0	2980800512.0	1464003008.0	98.6093521118164	92.69107055664062	5.468602657318115	-28.065508604049683
212400.296875	99.77092742919922	2604395520.0	2980820480.0	1463784384.0	98.6114501953125	92.69279479980469	5.45979118347168	-28.073689341545105
213000.296875	99.77104187011719	2604588032.0	2980834816.0	1463591744.0	98.61320495605469	92.69476318359375	5.445830345153809	-28.080779314041138
213600.296875	99.7709732055664	2604880128.0	2980851456.0	1463281728.0	98.61569213867188	92.69641876220703	5.4341888427734375	-28.091737627983093
214200.296875	99.77100372314453	2605133824.0	2980872960.0	1463035776.0	98.61807250976562	92.6987533569336	5.421762943267822	-28.10099422931671
214800.296875	99.77104187011719	2605396992.0	2980884736.0	1462752640.0	98.62027740478516	92.70098114013672	5.408740520477295	-28.11093032360077
215400.296875	99.77095031738281	2605673984.0	2980904192.0	1462472640.0	98.62277221679688	92.70306396484375	5.397144317626953	-28.12117636203766
216000.296875	99.7708969116211	2605931008.0	2980931328.0	1462240576.0	98.62535095214844	92.70539855957031	5.380890846252441	-28.13030481338501
216600.296875	99.7709732055664	2606264064.0	2980939520.0	1461864256.0	98.62796020507812	92.70783233642578	5.36346435546875	-28.14313769340515
217200.296875	99.77100372314453	2606659584.0	2980986368.0	1461526464.0	98.63211059570312	92.71028137207031	5.351450443267822	-28.157007694244385
217800.296875	99.77114868164062	2606944768.0	2981024000.0	1461293504.0	98.63520812988281	92.71418762207031	5.3329973220825195	-28.166866302490234
218400.296875	99.77117919921875	2607297792.0	2981003008.0	1460816832.0	98.63723754882812	92.71710205078125	5.319406986236572	-28.181445598602295
219000.296875	99.7710952758789	2607629824.0	2981070080.0	1460611648.0	98.6414794921875	92.71900939941406	5.301612377166748	-28.192096948623657
219600.296875	99.7711181640625	2607966464.0	2981045248.0	1460143488.0	98.64328002929688	92.7229995727539	5.281656265258789	-28.20616066455841
220200.296875	99.77102661132812	2608417024.0	2981092096.0	1459742976.0	98.64785766601562	92.72467803955078	5.264302730560303	-28.222161531448364
220800.296875	99.77106475830078	2608819456.0	2981135616.0	1459392192.0	98.65201568603516	92.7289810180664	5.243905067443848	-28.23638916015625
221400.296875	99.77108764648438	2609219584.0	2981122816.0	1458887744.0	98.65465545654297	92.73289489746094	5.225944995880127	-28.252461552619934
222000.296875	99.77112579345703	2609630464.0	2981176064.0	1458552640.0	98.65911865234375	92.73538208007812	5.208508491516113	-28.26666831970215
222600.296875	99.7709732055664	2609987584.0	2981169152.0	1458116736.0	98.66162109375	92.73957824707031	5.187129974365234	-28.28085720539093
223200.296875	99.77105712890625	2610434048.0	2981184768.0	1457638720.0	98.66537475585938	92.7419204711914	5.167994022369385	-28.297755122184753
223800.296875	99.77120971679688	2610869504.0	2981223680.0	1457236416.0	98.6696548461914	92.74545288085938	5.1464152336120605	-28.31341028213501
224400.296875	99.77120971679688	2611293952.0	2981213184.0	1456712256.0	98.67256164550781	92.74946594238281	5.122890472412109	-28.330332040786743
225000.296875	99.7709732055664	2611799808.0	2981245696.0	1456213184.0	98.67723083496094	92.75220489501953	5.104917049407959	-28.34891974925995
225600.296875	99.77098083496094	2612203520.0	2981280000.0	1455838656.0	98.68118286132812	92.756591796875	5.084453105926514	-28.363454341888428
226200.296875	99.77108764648438	2612610304.0	2981268736.0	1455335552.0	98.6839599609375	92.76031494140625	5.062916278839111	-28.379705548286438
226800.296875	99.77095031738281	2613070080.0	2981286912.0	1454851264.0	98.68791198730469	92.76290893554688	5.036147117614746	-28.397005796432495
227400.296875	99.77122497558594	2613610752.0	2981287680.0	1454225856.0	98.6920166015625	92.76663208007812	5.012995719909668	-28.418028354644775
228000.296875	99.77105712890625	2614103552.0	2981312512.0	1453725440.0	98.69642639160156	92.77049255371094	4.993494987487793	-28.436338901519775
228600.296875	99.77096557617188	2614538240.0	2981339136.0	1453294464.0	98.70042419433594	92.77465057373047	4.969241619110107	-28.45231592655182
229200.296875	99.77105712890625	2615016448.0	2981327616.0	1452708928.0	98.70374298095703	92.77841186523438	4.950122833251953	-28.471359610557556
229800.296875	99.77107238769531	2615442688.0	2981360128.0	1452307072.0	98.70785522460938	92.78150177001953	4.921020030975342	-28.486773371696472
230400.296875	99.77107238769531	2616008960.0	2981337344.0	1451590720.0	98.71156311035156	92.78538513183594	4.898030757904053	-28.509584069252014
231000.296875	99.77114868164062	2616524288.0	2981384960.0	1451131968.0	98.716796875	92.78886413574219	4.8745527267456055	-28.52792739868164
231600.296875	99.77104187011719	2617020672.0	2981399552.0	1450598400.0	98.72096252441406	92.79379272460938	4.8508524894714355	-28.5467267036438
232200.296875	99.77092742919922	2617518592.0	2981423616.0	1450090368.0	98.72539520263672	92.79769897460938	4.8306169509887695	-28.565242886543274
232800.296875	99.77115631103516	2617963520.0	2981458688.0	1449678208.0	98.7297592163086	92.80187225341797	4.803226470947266	-28.5812646150589
233400.296875	99.77102661132812	2618511360.0	2981449984.0	1449022784.0	98.73371124267578	92.80596923828125	4.774901866912842	-28.60284447669983
234000.296875	99.77102661132812	2619104000.0	2981460736.0	1448374080.0	98.73856353759766	92.80967712402344	4.75606107711792	-28.62546145915985
234600.296875	99.77098083496094	2619546112.0	2981507584.0	1447997760.0	98.74322509765625	92.81425476074219	4.727914810180664	-28.64096164703369
235200.296875	99.77101135253906	2620104704.0	2981493504.0	1447315456.0	98.74711608886719	92.81864166259766	4.707920074462891	-28.663137555122375
235800.296875	99.7709732055664	2620559360.0	2981546240.0	1446943168.0	98.75204467773438	92.82228088378906	4.682398796081543	-28.678902983665466
236400.296875	99.77096557617188	2621080832.0	2981549824.0	1446352256.0	98.75611877441406	92.82691192626953	4.6545634269714355	-28.699004650115967
237000.296875	99.77100372314453	2621677312.0	2981572096.0	1445728640.0	98.76129150390625	92.83075714111328	4.6308913230896	-28.72137427330017
237600.296875	99.77107238769531	2622199808.0	2981590272.0	1445169984.0	98.76570129394531	92.83560180664062	4.603803634643555	-28.741082549095154
238200.296875	99.77098083496094	2622757376.0	2981590272.0	1444502912.0	98.76972198486328	92.83975982666016	4.580631732940674	-28.762945532798767
238800.296875	99.7709732055664	2623254016.0	2981608192.0	1443974272.0	98.77393341064453	92.84355163574219	4.558557510375977	-28.78164052963257
239400.296875	99.77108764648438	2623735808.0	2981629184.0	1443472064.0	98.77812194824219	92.84749603271484	4.532169342041016	-28.799650073051453
240000.296875	99.77100372314453	2624279040.0	2981633024.0	1442855616.0	98.78236389160156	92.85143280029297	4.5091447830200195	-28.820589184761047
240600.296875	99.77112579345703	2624776448.0	2981639168.0	1442305472.0	98.78638458251953	92.85541534423828	4.4839067459106445	-28.83962094783783
241200.296875	99.7709732055664	2625287168.0	2981634816.0	1441705600.0	98.79017639160156	92.85920715332031	4.457062721252441	-28.85957956314087
241800.296875	99.77100372314453	2625834240.0	2981624576.0	1441052864.0	98.79414367675781	92.8627700805664	4.437036514282227	-28.881114721298218
242400.296875	99.77098083496094	2626287104.0	2981657088.0	1440623680.0	98.79849243164062	92.86650085449219	4.414632320404053	-28.897514939308167
243000.296875	99.77105712890625	2626746624.0	2981653248.0	1440086976.0	98.80192565917969	92.87057495117188	4.391453266143799	-28.91544997692108
243600.296875	99.77115631103516	2627245568.0	2981670656.0	1439565504.0	98.80625915527344	92.87381744384766	4.363290786743164	-28.934133052825928
244200.296875	99.77099609375	2627825408.0	2981674496.0	1438914560.0	98.81085205078125	92.87789154052734	4.339658260345459	-28.95643711090088
244800.296875	99.77104187011719	2628309504.0	2981666304.0	1438343360.0	98.81442260742188	92.88219451904297	4.320035934448242	-28.975391387939453
245400.296875	99.77085876464844	2628755968.0	2981701888.0	1437933440.0	98.81883239746094	92.88555145263672	4.296168804168701	-28.991416096687317
246000.296875	99.77082824707031	2629240832.0	2981717248.0	1437430784.0	98.82307434082031	92.88971710205078	4.277785301208496	-29.009541869163513
246600.296875	99.77096557617188	2629665536.0	2981771776.0	1437099712.0	98.82783508300781	92.8936767578125	4.250288486480713	-29.02403175830841
247200.296875	99.77096557617188	2630206976.0	2981755392.0	1436439808.0	98.83162689208984	92.89816284179688	4.228888511657715	-29.045510292053223
247800.296875	99.7709732055664	2630693632.0	2981803264.0	1436024960.0	98.83674621582031	92.9017333984375	4.2073893547058105	-29.062575101852417
248400.296875	99.77100372314453	2631147008.0	2981761792.0	1435348480.0	98.83872985839844	92.90653228759766	4.186340808868408	-29.081928730010986
249000.296875	99.7708969116211	2631577088.0	2981741312.0	1434787136.0	98.84138488769531	92.90840911865234	4.16860818862915	-29.099401831626892
249600.296875	99.77096557617188	2631954176.0	2981741568.0	1434355264.0	98.84429168701172	92.91090393066406	4.14515495300293	-29.113975167274475
250200.296875	99.77101135253906	2632394240.0	2981683200.0	1433692672.0	98.84616088867188	92.91364288330078	4.121363162994385	-29.133018851280212
250800.296875	99.77106475830078	2632899584.0	2981687808.0	1433132224.0	98.85023498535156	92.9153823852539	4.105737209320068	-29.152369499206543
251400.296875	99.77099609375	2633269248.0	2981723904.0	1432814144.0	98.85408782958984	92.91921997070312	4.082913398742676	-29.16533052921295
252000.296875	99.77098083496094	2633687808.0	2981665536.0	1432183360.0	98.85586547851562	92.9228515625	4.06705904006958	-29.183492064476013
252600.296875	99.77100372314453	2634057728.0	2981714688.0	1431899776.0	98.86006164550781	92.92451477050781	4.047189235687256	-29.196026921272278
253200.296875	99.77105712890625	2634442496.0	2981687808.0	1431392640.0	98.86238098144531	92.92845916748047	4.026036739349365	-29.21179234981537
253800.296875	99.77105712890625	2634901760.0	2981703424.0	1430917760.0	98.86640930175781	92.93063354492188	4.008460521697998	-29.228925704956055
254400.296875	99.77095031738281	2635293440.0	2981719808.0	1430521728.0	98.86993408203125	92.93443298339844	3.9886906147003174	-29.24342155456543
255000.296875	99.77092742919922	2635683072.0	2981702912.0	1430037888.0	98.87257385253906	92.937744140625	3.9721672534942627	-29.259002208709717
255600.296875	99.77102661132812	2636062976.0	2981746176.0	1429728768.0	98.876708984375	92.94022369384766	3.9567642211914062	-29.272103309631348
256200.296875	99.77095031738281	2636373248.0	2981729280.0	1429334976.0	98.87873840332031	92.94410705566406	3.9387550354003906	-29.28461730480194
256800.296875	99.77104187011719	2636739840.0	2981724928.0	1428909824.0	98.88150787353516	92.94601440429688	3.9233341217041016	-29.298901557922363
257400.296875	99.77092742919922	2637103872.0	2981763584.0	1428608320.0	98.88542175292969	92.94861602783203	3.9067976474761963	-29.311516880989075
258000.296875	99.77100372314453	2637423360.0	2981742592.0	1428193472.0	98.88742065429688	92.95228576660156	3.889535427093506	-29.324525594711304
258600.296875	99.77095031738281	2637806848.0	2981775104.0	1427849856.0	98.89128875732422	92.95417785644531	3.8769993782043457	-29.338154196739197
259200.296875	99.77101135253906	2638088448.0	2981792000.0	1427581952.0	98.89398193359375	92.95780944824219	3.863342046737671	-29.3483704328537
259800.296875	99.77082061767578	2638355456.0	2981774592.0	1427233856.0	98.8956298828125	92.96034240722656	3.849565267562866	-29.35924530029297
260400.296875	99.77107238769531	2638656512.0	2981788928.0	1426935488.0	98.89839935302734	92.96187591552734	3.8331944942474365	-29.37031090259552
261000.296875	99.77104187011719	2639193856.0	2981839360.0	1426601280.0	98.90523529052734	92.96449279785156	3.8197426795959473	-29.388058185577393
261600.296875	99.7709732055664	2639533824.0	2981879040.0	1426345920.0	98.90914154052734	92.97091674804688	3.8089990615844727	-29.39959466457367
262200.3125	99.77103424072266	2639755008.0	2981865984.0	1426061888.0	98.91055297851562	92.97459411621094	3.7962093353271484	-29.408541321754456
262800.3125	99.77100372314453	2640018944.0	2981866496.0	1425768448.0	98.91267395019531	92.97592163085938	3.7865917682647705	-29.418659210205078
263400.3125	99.77115631103516	2640232448.0	2981874688.0	1425554304.0	98.91460418701172	92.97791290283203	3.772585153579712	-29.42655086517334
264000.3125	99.77099609375	2640528128.0	2981879552.0	1425238912.0	98.91710662841797	92.97972106933594	3.7620980739593506	-29.437720775604248
264600.3125	99.77104187011719	2640773120.0	2981905152.0	1425037760.0	98.91975402832031	92.98208618164062	3.752122163772583	-29.44619655609131
265200.3125	99.77101135253906	2640979712.0	2981893888.0	1424778368.0	98.92112731933594	92.98455810546875	3.7425827980041504	-29.45449650287628
265800.3125	99.77096557617188	2641184768.0	2981899520.0	1424564672.0	98.92291259765625	92.98585510253906	3.734896659851074	-29.462167620658875
266400.3125	99.77100372314453	2641356544.0	2981908992.0	1424401152.0	98.924560546875	92.98753356933594	3.7250728607177734	-29.468414187431335
267000.3125	99.77079010009766	2641566976.0	2981912576.0	1424178048.0	98.92634582519531	92.98908996582031	3.715561628341675	-29.476332664489746
267600.3125	99.7709732055664	2641769984.0	2981913088.0	1423953600.0	98.92799377441406	92.99076843261719	3.7096590995788574	-29.48409914970398
268200.3125	99.77104187011719	2641913856.0	2981927936.0	1423836672.0	98.9295654296875	92.9923095703125	3.7014317512512207	-29.489076137542725
268800.3125	99.77095031738281	2642091264.0	2981931520.0	1423652096.0	98.93110656738281	92.99378204345703	3.6960504055023193	-29.495710134506226
269400.3125	99.77094268798828	2642206208.0	2981932800.0	1423528896.0	98.93206787109375	92.9952392578125	3.6896612644195557	-29.50007915496826
270000.3125	99.7711181640625	2642343168.0	2981934848.0	1423386432.0	98.93327331542969	92.99614715576172	3.6832711696624756	-29.505208134651184
270600.3125	99.77098083496094	2642482432.0	2981935872.0	1423237696.0	98.93444061279297	92.99728393554688	3.6784040927886963	-29.510480165481567
271200.3125	99.7708969116211	2642592000.0	2981937152.0	1423121664.0	98.93537902832031	92.99836730957031	3.6733322143554688	-29.51461672782898
271800.3125	99.77092742919922	2642699008.0	2981937152.0	1423006976.0	98.936279296875	92.99925231933594	3.669525623321533	-29.518669843673706
272400.3125	99.77103424072266	2642787584.0	2981944064.0	1422931712.0	98.93721008300781	93.0000991821289	3.666276216506958	-29.521799087524414
273000.3125	99.77091217041016	2642866176.0	2981952000.0	1422871232.0	98.93810272216797	93.00096893310547	3.662978410720825	-29.524466395378113
273600.3125	99.77076721191406	2642937088.0	2981951488.0	1422794624.0	98.93869018554688	93.00181579589844	3.6605403423309326	-29.527172446250916
274200.3125	99.77092742919922	2642991872.0	2981951488.0	1422738624.0	98.93917846679688	93.00236511230469	3.6584060192108154	-29.529234766960144
274800.3125	99.77088165283203	2643041792.0	2981954304.0	1422697856.0	98.9397201538086	93.00281524658203	3.656709671020508	-29.530978202819824
275400.3125	99.7708969116211	2643082496.0	2981955584.0	1422662016.0	98.94013977050781	93.00334167480469	3.6557815074920654	-29.532453417778015
276000.3125	99.77094268798828	2643104768.0	2981956352.0	1422644992.0	98.94039154052734	93.00373840332031	3.655301094055176	-29.533228278160095
276600.3125	99.77092742919922	2643120896.0	2981958400.0	1422638272.0	98.94062805175781	93.00395965576172	3.65523624420166	-29.533731937408447
277200.3125	99.77092742919922	2643126016.0	2981959424.0	1422640960.0	98.94075012207031	93.00420379638672	3.655698776245117	-29.53384220600128
277800.3125	99.7707748413086	2643118336.0	2981957376.0	1422652160.0	98.94071197509766	93.00430297851562	3.656611919403076	-29.533541202545166
278400.3125	99.77071380615234	2643101184.0	2981956096.0	1422675008.0	98.94061279296875	93.0042724609375	3.6578099727630615	-29.532861709594727
279000.3125	99.77079010009766	2643077632.0	2981954304.0	1422703232.0	98.94044494628906	93.0041732788086	3.6597483158111572	-29.53197956085205
279600.3125	99.77086639404297	2643039488.0	2981952512.0	1422747584.0	98.94015502929688	93.00402069091797	3.661654472351074	-29.530519247055054
280200.3125	99.77100372314453	2643000576.0	2981950720.0	1422791936.0	98.93984985351562	93.00375366210938	3.665071725845337	-29.529032111167908
280800.3125	99.77104187011719	2642932736.0	2981949184.0	1422873024.0	98.93936157226562	93.00346374511719	3.668320894241333	-29.526394605636597
281400.3125	99.77113342285156	2642854400.0	2981931264.0	1422919616.0	98.93834686279297	93.00301361083984	3.671997308731079	-29.523947834968567
282000.3125	99.77108764648438	2642772992.0	2981922304.0	1422994432.0	98.93754577636719	93.00203704833984	3.67610502243042	-29.521074891090393
282600.3125	99.77104187011719	2642686464.0	2981916160.0	1423080448.0	98.93675231933594	93.00129699707031	3.6800031661987305	-29.51790690422058
283200.3125	99.77108764648438	2642606336.0	2981912320.0	1423166464.0	98.93607330322266	93.00054168701172	3.6856908798217773	-29.5149028301239
283800.3125	99.7711181640625	2642488576.0	2981906944.0	1423292352.0	98.9350814819336	92.99990844726562	3.692020893096924	-29.51050102710724
284400.3125	99.77099609375	2642356736.0	2981902080.0	1423436608.0	98.93400573730469	92.99897766113281	3.696582794189453	-29.505527019500732
285000.3125	99.7709732055664	2642252288.0	2981891584.0	1423530688.0	98.93295288085938	92.99797058105469	3.7037808895111084	-29.501837491989136
285600.3125	99.77108764648438	2642100736.0	2981883904.0	1423690176.0	98.93164825439453	92.99696350097656	3.7092792987823486	-29.496189951896667
286200.3125	99.77113342285156	2641988864.0	2981881088.0	1423814720.0	98.93075561523438	92.9957504272461	3.716620922088623	-29.491928219795227
286800.3125	99.77079010009766	2641833216.0	2981872640.0	1423974656.0	98.92938232421875	92.99491119384766	3.725067138671875	-29.486188292503357
287400.3125	99.77100372314453	2641658112.0	2981869312.0	1424173120.0	98.92800903320312	92.99360656738281	3.7325925827026367	-29.479464888572693
288000.3125	99.7711181640625	2641496064.0	2981864704.0	1424350528.0	98.92668151855469	92.99231719970703	3.7416114807128906	-29.473334550857544
288600.3125	99.77095031738281	2641307648.0	2981856512.0	1424548544.0	98.92505645751953	92.9910888671875	3.7497150897979736	-29.46629524230957
289200.3125	99.77108764648438	2641136128.0	2981848832.0	1424727744.0	98.92356872558594	92.98955535888672	3.757772207260132	-29.45992648601532
289800.3125	99.7708969116211	2640959744.0	2981838336.0	1424903360.0	98.92195129394531	92.98815155029297	3.767761707305908	-29.453468322753906
290400.3125	99.77116394042969	2640750848.0	2981830912.0	1425126016.0	98.9201889038086	92.98663330078125	3.7768349647521973	-29.44561541080475
291000.3125	99.7709732055664	2640551936.0	2981821440.0	1425333440.0	98.91845703125	92.98497772216797	3.7872400283813477	-29.438212513923645
291600.3125	99.77101135253906	2640335872.0	2981813248.0	1425563712.0	98.9166259765625	92.98335266113281	3.7986927032470703	-29.43011224269867
292200.3125	99.7709732055664	2640099072.0	2981808640.0	1425826240.0	98.91471862792969	92.98162841796875	3.807589530944824	-29.421091079711914
292800.3125	99.77106475830078	2639899648.0	2981793024.0	1426013056.0	98.91278839111328	92.97982788085938	3.817821741104126	-29.413926601409912
293400.3125	99.77114868164062	2639679232.0	2981780480.0	1426233472.0	98.91078186035156	92.97802734375	3.8287296295166016	-29.40584123134613
294000.3125	99.77091979980469	2639448576.0	2981774336.0	1426484800.0	98.90888214111328	92.97613525390625	3.842480182647705	-29.397091269493103
294600.3125	99.77096557617188	2639165952.0	2981767680.0	1426795264.0	98.90657043457031	92.97434997558594	3.854410409927368	-29.386386275291443
295200.3125	99.77120971679688	2638903040.0	2981746176.0	1427041216.0	98.90402221679688	92.97218322753906	3.864596128463745	-29.376953840255737
295800.3125	99.77100372314453	2638680576.0	2981739264.0	1427278656.0	98.90214538574219	92.96977233886719	3.8774280548095703	-29.368576407432556
296400.3125	99.77107238769531	2638412800.0	2981730816.0	1427563584.0	98.89987182617188	92.96803283691406	3.887657403945923	-29.35851514339447
297000.3125	99.77098083496094	2638191360.0	2981721344.0	1427794304.0	98.89794158935547	92.96588897705078	3.903414011001587	-29.350268840789795
297600.3125	99.77103424072266	2637867520.0	2981714944.0	1428150016.0	98.89529418945312	92.96406555175781	3.916008710861206	-29.337957501411438
298200.3125	99.7709732055664	2637578240.0	2981680128.0	1428387904.0	98.89218139648438	92.9615707397461	3.9289567470550537	-29.327985644340515
298800.3125	99.77104187011719	2637315072.0	2981686016.0	1428707328.0	98.89031982421875	92.95865631103516	3.942096710205078	-29.317590594291687
299400.3125	99.77092742919922	2637036800.0	2981672192.0	1428994048.0	98.88787078857422	92.9569091796875	3.9534754753112793	-29.30726706981659
300000.3125	99.77101135253906	2636786176.0	2981650432.0	1429223872.0	98.88539123535156	92.95459747314453	3.9688873291015625	-29.29832637310028
300600.3125	99.77098083496094	2636477952.0	2981658368.0	1429602432.0	98.88325500488281	92.95226287841797	3.9850316047668457	-29.286086559295654
301200.3125	99.77113342285156	2636119552.0	2981628928.0	1429934848.0	98.87974548339844	92.95025634765625	3.9958834648132324	-29.27325665950775
301800.3125	99.77112579345703	2635709696.0	2981561088.0	1430117184.0	98.87384033203125	92.94696044921875	4.012112140655518	-29.260653257369995
302400.3125	99.7711181640625	2635339264.0	2981585920.0	1430569664.0	98.87124633789062	92.94139862060547	4.0237298011779785	-29.24581468105316
303000.3125	99.77079010009766	2635062272.0	2981545472.0	1430773504.0	98.86802673339844	92.93896484375	4.038679599761963	-29.23654019832611
303600.3125	99.77103424072266	2634777856.0	2981568256.0	1431166848.0	98.86648559570312	92.93595123291016	4.055078029632568	-29.22470271587372
304200.3125	99.77101135253906	2634412800.0	2981545216.0	1431523456.0	98.86308288574219	92.93448638916016	4.068970680236816	-29.211384057998657
304800.3125	99.77104187011719	2634100736.0	2981535232.0	1431849600.0	98.86038208007812	92.9312973022461	4.085062503814697	-29.199689626693726
305400.3125	99.77096557617188	2633782016.0	2981551360.0	1432258176.0	98.85833740234375	92.92876434326172	4.0988898277282715	-29.186806082725525
306000.3125	99.77099609375	2633456384.0	2981510144.0	1432515776.0	98.85472106933594	92.92684936523438	4.112192630767822	-29.1756808757782
306600.3125	99.77085876464844	2633187072.0	2981523712.0	1432861632.0	98.85301208496094	92.9234390258789	4.128152847290039	-29.16480004787445
307200.3125	99.77092742919922	2632844544.0	2981509888.0	1433214656.0	98.84999084472656	92.92182159423828	4.142237663269043	-29.152029752731323
307800.3125	99.77102661132812	2632520960.0	2981484544.0	1433513920.0	98.84681701660156	92.91898345947266	4.157814979553223	-29.140424728393555
308400.3125	99.77083587646484	2632214528.0	2981498624.0	1433904128.0	98.84483337402344	92.916015625	4.174515724182129	-29.1280597448349
309000.3125	99.7710952758789	2631843072.0	2981467648.0	1434244608.0	98.84115600585938	92.91414642333984	4.187029838562012	-29.114773869514465
309600.3125	99.77086639404297	2631557632.0	2981445376.0	1434508480.0	98.83834838867188	92.91069030761719	4.201078414916992	-29.10454273223877
310200.3125	99.77088928222656	2631281408.0	2981462272.0	1434870464.0	98.83665466308594	92.90804290771484	4.2157301902771	-29.093268513679504
310800.3125	99.77101135253906	2630952960.0	2981436672.0	1435176000.0	98.83345031738281	92.90646362304688	4.233670711517334	-29.08146381378174
311400.3125	99.77100372314453	2630593536.0	2981445376.0	1435609664.0	98.83088684082031	92.9034423828125	4.248864650726318	-29.067263007164
312000.3125	99.7708511352539	2630235904.0	2981395456.0	1435881600.0	98.82681274414062	92.90103149414062	4.261519908905029	-29.055175185203552
312600.3125	99.77110290527344	2629971456.0	2981404672.0	1436208192.0	98.82500457763672	92.89720916748047	4.2771196365356445	-29.044616222381592
313200.3125	99.77082824707031	2629657344.0	2981409024.0	1436578240.0	98.82267761230469	92.89549255371094	4.289302825927734	-29.032328724861145
313800.3125	99.77100372314453	2629366784.0	2981369344.0	1436798656.0	98.81936645507812	92.893310546875	4.307551860809326	-29.022496938705444
314400.3125	99.7711181640625	2629011968.0	2981387520.0	1437256512.0	98.81712341308594	92.89020538330078	4.32186222076416	-29.008135199546814
315000.3125	99.77099609375	2628667392.0	2981332224.0	1437497088.0	98.81298828125	92.88809967041016	4.336219787597656	-28.99673879146576
315600.3125	99.77096557617188	2628387328.0	2981353472.0	1437876544.0	98.81139373779297	92.88421630859375	4.350550174713135	-28.985145688056946
316200.3125	99.77106475830078	2628067840.0	2981321472.0	1438152512.0	98.80806732177734	92.8827133178711	4.362585544586182	-28.97392511367798
316800.3125	99.77092742919922	2627813632.0	2981313792.0	1438420416.0	98.80589294433594	92.87957763671875	4.378714561462402	-28.964361548423767
317400.3125	99.77100372314453	2627483648.0	2981312768.0	1438795840.0	98.8033218383789	92.8775405883789	4.3952836990356445	-28.951621055603027
318000.3125	99.77100372314453	2627124480.0	2981347072.0	1439349568.0	98.80192565917969	92.87511444091797	4.406130790710449	-28.936100006103516
318600.3125	99.77104187011719	2626888704.0	2981358080.0	1439660032.0	98.80049133300781	92.87381744384766	4.422183513641357	-28.926491737365723
319200.3125	99.77096557617188	2626584832.0	2981401088.0	1440135808.0	98.79937744140625	92.8724594116211	4.433402061462402	-28.91315221786499
319800.3125	99.77106475830078	2626327808.0	2981376768.0	1440360704.0	98.7967300415039	92.87142181396484	4.447571754455566	-28.904077410697937
320400.3125	99.77096557617188	2626054400.0	2981399808.0	1440737472.0	98.79522705078125	92.86892700195312	4.462818622589111	-28.892672061920166
321000.3125	99.77103424072266	2625723904.0	2981388800.0	1441085120.0	98.79238891601562	92.86750793457031	4.475572109222412	-28.880274295806885
321600.3125	99.77101135253906	2625436672.0	2981374720.0	1441370944.0	98.78976440429688	92.86483764648438	4.489918231964111	-28.869661688804626
322200.3125	99.77092742919922	2625156864.0	2981391360.0	1441736960.0	98.78804016113281	92.86238861083984	4.502021312713623	-28.858250379562378
322800.3125	99.7709732055664	2624896000.0	2981379840.0	1442002176.0	98.78570556640625	92.86077117919922	4.5134077072143555	-28.848570585250854
323400.3125	99.77102661132812	2624657152.0	2981381376.0	1442275904.0	98.78387451171875	92.85857391357422	4.52673864364624	-28.839299082756042
324000.3125	99.77107238769531	2624392448.0	2981392896.0	1442607872.0	98.7821044921875	92.85684967041016	4.538341522216797	-28.82867157459259
324600.3125	99.77108764648438	2624144896.0	2981391360.0	1442883392.0	98.78012084960938	92.85518646240234	4.550939559936523	-28.8191556930542
325200.3125	99.77095031738281	2623891456.0	2981394432.0	1443179072.0	98.77822875976562	92.85331726074219	4.564125061035156	-28.809261322021484
325800.3125	99.77107238769531	2623616768.0	2981389056.0	1443477440.0	98.77594757080078	92.85152435302734	4.573758602142334	-28.798821568489075
326400.3125	99.7708969116211	2623396352.0	2981371136.0	1443677696.0	98.77375030517578	92.8493881225586	4.584411144256592	-28.790926933288574
327000.3125	99.77108764648438	2623173632.0	2981368320.0	1443920960.0	98.77191925048828	92.84732818603516	4.595181941986084	-28.782418370246887
327600.3125	99.77104187011719	2622958592.0	2981382144.0	1444200512.0	98.77058410644531	92.8456039428711	4.608177661895752	-28.773653507232666
328200.3125	99.7708969116211	2622698752.0	2981388288.0	1444512320.0	98.76872253417969	92.84435272216797	4.6189284324646	-28.763410449028015
328800.3125	99.77103424072266	2622476288.0	2981388032.0	1444762752.0	98.76696014404297	92.84259033203125	4.6276750564575195	-28.754809498786926
329400.3125	99.77105712890625	2622275584.0	2981374464.0	1444952256.0	98.76502990722656	92.84095001220703	4.638198375701904	-28.74753475189209
330000.3125	99.77106475830078	2622055168.0	2981368576.0	1445184768.0	98.76313781738281	92.83911895751953	4.646195411682129	-28.739216923713684
330600.3125	99.77085876464844	2621881344.0	2981364224.0	1445368448.0	98.76165008544922	92.83734893798828	4.657958984375	-28.73266637325287
331200.3125	99.7711181640625	2621637120.0	2981360640.0	1445633216.0	98.75962829589844	92.83594512939453	4.666891098022461	-28.723371028900146
331800.3125	99.7708969116211	2621453312.0	2981363456.0	1445847808.0	98.75824737548828	92.83405303955078	4.675719738006592	-28.716200590133667
332400.3125	99.77088165283203	2621256704.0	2981349632.0	1446031936.0	98.75633239746094	92.83274841308594	4.684196949005127	-28.709065914154053
333000.3125	99.77110290527344	2621074944.0	2981342208.0	1446214720.0	98.75469970703125	92.83094787597656	4.6912031173706055	-28.702330589294434
333600.3125	99.77082824707031	2620921856.0	2981333248.0	1446362112.0	98.75325012207031	92.82942199707031	4.700348854064941	-28.696730732917786
334200.3125	99.77086639404297	2620732672.0	2981332480.0	1446571328.0	98.75171661376953	92.82804870605469	4.709438323974609	-28.689467906951904
334800.3125	99.77091217041016	2620544768.0	2981333760.0	1446785472.0	98.75025939941406	92.82661437988281	4.715198516845703	-28.68218421936035
335400.3125	99.77107238769531	2620410112.0	2981322752.0	1446905536.0	98.74889373779297	92.82523345947266	4.723475456237793	-28.677386045455933
336000.3125	99.77092742919922	2620235776.0	2981318912.0	1447089664.0	98.74739837646484	92.82395935058594	4.729079246520996	-28.670811653137207
336600.3125	99.7708969116211	2620118016.0	2981315840.0	1447214208.0	98.74639892578125	92.82255554199219	4.735920429229736	-28.666362166404724
337200.3125	99.77110290527344	2619975168.0	2981314816.0	1447369664.0	98.74520874023438	92.82162475585938	4.743053913116455	-28.6609023809433
337800.3125	99.77119445800781	2619828480.0	2981319168.0	1447543936.0	98.744140625	92.82050323486328	4.748798370361328	-28.655102849006653
338400.3125	99.77088165283203	2619701760.0	2981315328.0	1447675200.0	98.7430419921875	92.8194808959961	4.755074501037598	-28.650367259979248
339000.3125	99.77094268798828	2619566848.0	2981307904.0	1447805120.0	98.74176025390625	92.81846618652344	4.760179042816162	-28.645431995391846
339600.3125	99.77099609375	2619461120.0	2981314304.0	1447951616.0	98.7411880493164	92.81724548339844	4.764710903167725	-28.641045093536377
340200.3125	99.77117919921875	2619372800.0	2981334528.0	1448127680.0	98.74122619628906	92.81671142578125	4.769865989685059	-28.63672971725464
340800.3125	99.77108764648438	2619271424.0	2981348096.0	1448292544.0	98.74091339111328	92.8167495727539	4.774078369140625	-28.632235527038574
341400.3125	99.77079772949219	2619182592.0	2981354496.0	1448416640.0	98.74044036865234	92.81645202636719	4.778432369232178	-28.628525137901306
342000.3125	99.77096557617188	2619091968.0	2981356288.0	1448525504.0	98.73979187011719	92.81600952148438	4.78269624710083	-28.624942898750305
342600.3125	99.7708969116211	2619006464.0	2981363712.0	1448641984.0	98.73931121826172	92.8154067993164	4.785566329956055	-28.621390461921692
343200.3125	99.77099609375	2618952448.0	2981376512.0	1448736512.0	98.73921203613281	92.81494903564453	4.788565635681152	-28.618881106376648
343800.3125	99.7710952758789	2618888192.0	2981377024.0	1448809536.0	98.73870849609375	92.81484985351562	4.7913498878479	-28.616389632225037
344400.3125	99.77115631103516	2618831616.0	2981383424.0	1448890624.0	98.73843383789062	92.81439208984375	4.794417858123779	-28.613969683647156
345000.3125	99.77117919921875	2618771456.0	2981390592.0	1448974848.0	98.73811340332031	92.81413269042969	4.79672384262085	-28.6114364862442
345600.3125	99.77096557617188	2618724608.0	2981394176.0	1449035328.0	98.7378158569336	92.81382751464844	4.798343181610107	-28.60952615737915
346200.3125	99.77091979980469	2618683648.0	2981391872.0	1449071168.0	98.73739624023438	92.81354522705078	4.800049781799316	-28.6080539226532
346800.3125	99.77103424072266	2618649344.0	2981394944.0	1449116864.0	98.73719024658203	92.81314849853516	4.801116466522217	-28.606629371643066
347400.3125	99.77101135253906	2618627840.0	2981398528.0	1449149120.0	98.73710632324219	92.81295776367188	4.802348613739014	-28.605687618255615
348000.3125	99.77104187011719	2618604288.0	2981404928.0	1449187648.0	98.73703002929688	92.8128890991211	4.803039073944092	-28.604590892791748
348600.3125	99.77104187011719	2618589952.0	2981407744.0	1449208704.0	98.7369613647461	92.81280517578125	4.803450107574463	-28.603968024253845
349200.3125	99.77104187011719	2618584064.0	2981414144.0	1449228416.0	98.73704528808594	92.81273651123047	4.803532123565674	-28.603550791740417
349800.3125	99.77105712890625	2618582272.0	2981417472.0	1449235136.0	98.73707580566406	92.81282806396484	4.803371429443359	-28.603416681289673
350400.3125	99.77106475830078	2618586880.0	2981420544.0	1449234688.0	98.73715209960938	92.8128662109375	4.802820205688477	-28.60351800918579
351000.3125	99.77102661132812	2618599424.0	2981424896.0	1449228864.0	98.73733520507812	92.81291961669922	4.801891803741455	-28.60388457775116
351600.3125	99.77100372314453	2618619904.0	2981430528.0	1449214976.0	98.73757934570312	92.81309509277344	4.801074028015137	-28.604543209075928
352200.3125	99.7709732055664	2618637824.0	2981433088.0	1449198400.0	98.73776245117188	92.81331634521484	4.7994842529296875	-28.605175018310547
352800.3125	99.7710952758789	2618669312.0	2981435904.0	1449164800.0	98.73802185058594	92.8134994506836	4.79815149307251	-28.606343269348145
353400.3125	99.77099609375	2618699008.0	2981439744.0	1449138816.0	98.73833465576172	92.8137435913086	4.796164512634277	-28.60736846923828
354000.3125	99.77101135253906	2618741504.0	2981444864.0	1449098496.0	98.73873901367188	92.81402587890625	4.793671131134033	-28.60889732837677
354600.3125	99.77106475830078	2618791424.0	2981445888.0	1449040256.0	98.73912048339844	92.81440734863281	4.791321754455566	-28.61083745956421
355200.3125	99.77085876464844	2618842368.0	2981449728.0	1448987840.0	98.73956298828125	92.81477355957031	4.788326263427734	-28.612694144248962
355800.3125	99.77095031738281	2618906624.0	2981455616.0	1448925568.0	98.74016571044922	92.815185546875	4.785489559173584	-28.615057468414307
356400.3125	99.77105712890625	2618970624.0	2981463808.0	1448871808.0	98.7408447265625	92.81575012207031	4.7825822830200195	-28.61725687980652
357000.3125	99.77104187011719	2619032832.0	2981467392.0	1448805952.0	98.74137878417969	92.81639862060547	4.778781890869141	-28.619593381881714
357600.3125	99.77098083496094	2619112960.0	2981472512.0	1448725312.0	98.74210357666016	92.81690216064453	4.775208473205566	-28.622549772262573
358200.3125	99.77106475830078	2619190528.0	2981476864.0	1448643776.0	98.74276733398438	92.81757354736328	4.771029949188232	-28.625428676605225
358800.3125	99.77104187011719	2619279360.0	2981483520.0	1448555968.0	98.74359130859375	92.81819152832031	4.7662739753723145	-28.628695011138916
359400.3125	99.77091979980469	2619379456.0	2981488640.0	1448451584.0	98.74446105957031	92.81897735595703	4.762526035308838	-28.632426261901855
360000.3125	99.77119445800781	2619464448.0	2981496576.0	1448372288.0	98.74528503417969	92.8198013305664	4.758077144622803	-28.635472059249878
360600.3125	99.77100372314453	2619559168.0	2981501440.0	1448275520.0	98.74613189697266	92.82056427001953	4.753213882446289	-28.63900363445282
361200.3125	99.77104187011719	2619660800.0	2981505280.0	1448164864.0	98.74696350097656	92.82136535644531	4.747039794921875	-28.64285409450531
361800.3125	99.77094268798828	2619787520.0	2981508352.0	1448023744.0	98.74798583984375	92.82215118408203	4.7415452003479	-28.647682070732117
362400.3125	99.77102661132812	2619903744.0	2981514240.0	1447902784.0	98.74899291992188	92.82311248779297	4.7368035316467285	-28.652024269104004
363000.3125	99.77108764648438	2620016384.0	2981527808.0	1447809600.0	98.75020599365234	92.82405090332031	4.730727672576904	-28.65593731403351
363600.3125	99.77100372314453	2620143360.0	2981532928.0	1447674304.0	98.75128173828125	92.8251953125	4.72580623626709	-28.6607027053833
364200.3125	99.7711181640625	2620252160.0	2981541376.0	1447569472.0	98.75231170654297	92.82620239257812	4.718164920806885	-28.664663434028625
364800.3125	99.7709732055664	2620408320.0	2981543424.0	1447392960.0	98.7535400390625	92.82716369628906	4.711954116821289	-28.670677542686462
365400.3125	99.77106475830078	2620540160.0	2981548800.0	1447253632.0	98.75466918945312	92.82832336425781	4.7054924964904785	-28.67562472820282
366000.3125	99.77101135253906	2620679424.0	2981555712.0	1447111616.0	98.75590515136719	92.82939147949219	4.698879718780518	-28.680792450904846
366600.3125	99.77100372314453	2620814848.0	2981557504.0	1446957056.0	98.7569580078125	92.83055114746094	4.6930928230285645	-28.686025738716125
367200.3125	99.77108764648438	2620940800.0	2981565952.0	1446835200.0	98.75813293457031	92.83154296875	4.685135841369629	-28.69061827659607
367800.3125	99.77101135253906	2621106944.0	2981570816.0	1446654208.0	98.75950622558594	92.83264923095703	4.676727771759033	-28.696927428245544
368400.3125	99.77101135253906	2621277952.0	2981569792.0	1446452160.0	98.7607650756836	92.83393859863281	4.67106294631958	-28.703618049621582
369000.3125	99.77094268798828	2621408256.0	2981580032.0	1446329856.0	98.76202392578125	92.83512115478516	4.662415981292725	-28.708332777023315
369600.3125	99.77100372314453	2621590016.0	2981587456.0	1446139008.0	98.76359558105469	92.8363037109375	4.656187057495117	-28.715139627456665
370200.3125	99.77094268798828	2621724928.0	2981596672.0	1446007744.0	98.76486206054688	92.83777618408203	4.648087024688721	-28.720062971115112
370800.3125	99.77091217041016	2621898496.0	2981607168.0	1445835712.0	98.76644897460938	92.8389663696289	4.639048099517822	-28.726449608802795
371400.3125	99.7709732055664	2622082816.0	2981597696.0	1445579008.0	98.76744079589844	92.84046173095703	4.631291389465332	-28.734079003334045
372000.3125	99.77096557617188	2622247168.0	2981588224.0	1445338880.0	98.76820373535156	92.84139251708984	4.622231483459473	-28.74099910259247
372600.3125	99.77099609375	2622432256.0	2981584640.0	1445099648.0	98.76937103271484	92.84210205078125	4.614442825317383	-28.74845266342163
373200.3125	99.77091979980469	2622600448.0	2981590272.0	1444915072.0	98.77073669433594	92.84320831298828	4.6068339347839355	-28.754842281341553
373800.3125	99.7709732055664	2622772992.0	2981604352.0	1444750208.0	98.77238464355469	92.844482421875	4.597664833068848	-28.761085867881775
374400.3125	99.77104187011719	2622959872.0	2981601792.0	1444524864.0	98.77371215820312	92.8460464477539	4.589522838592529	-28.76846194267273
375000.3125	99.77104187011719	2623135744.0	2981604864.0	1444325952.0	98.77510070800781	92.8472900390625	4.580445289611816	-28.775206208229065
375600.3125	99.77098083496094	2623323648.0	2981607680.0	1444114496.0	98.77658081054688	92.84860229492188	4.570673942565918	-28.78243327140808
376200.3125	99.77108764648438	2623522048.0	2981603840.0	1443874816.0	98.77798461914062	92.84998321533203	4.563296318054199	-28.790268301963806
376800.3125	99.77092742919922	2623683328.0	2981609216.0	1443702784.0	98.77935791015625	92.85132598876953	4.554914474487305	-28.79634201526642
377400.3125	99.77098083496094	2623865088.0	2981620480.0	1443521344.0	98.781005859375	92.85260772705078	4.546181678771973	-28.803032636642456
378000.3125	99.77099609375	2624048384.0	2981620736.0	1443312128.0	98.78243255615234	92.85414123535156	4.535407543182373	-28.810128569602966
378600.3125	99.77094268798828	2624269568.0	2981621504.0	1443057664.0	98.78411865234375	92.8554916381836	4.526187419891357	-28.818681836128235
379200.3125	99.77100372314453	2624464128.0	2981627904.0	1442849344.0	98.7857666015625	92.85707092285156	4.518477439880371	-28.826037049293518
379800.3125	99.77114868164062	2624642304.0	2981642752.0	1442685376.0	98.78752136230469	92.85862731933594	4.508965015411377	-28.83242964744568
380400.3125	99.77098083496094	2624844544.0	2981650688.0	1442474816.0	98.7892837524414	92.86026763916016	4.501467704772949	-28.83998453617096
381000.3125	99.77104187011719	2625005568.0	2981654528.0	1442301440.0	98.7906265258789	92.86192321777344	4.490203380584717	-28.846094012260437
381600.3125	99.77104187011719	2625238528.0	2981657088.0	1442040704.0	98.79248046875	92.8631820678711	4.481329441070557	-28.85502576828003
382200.3125	99.77092742919922	2625421824.0	2981657088.0	1441829248.0	98.79388427734375	92.86492919921875	4.4723429679870605	-28.862151503562927
382800.3125	99.77100372314453	2625618944.0	2981666560.0	1441630336.0	98.795654296875	92.86624145507812	4.463343143463135	-28.869447112083435
383400.3125	99.77122497558594	2625809152.0	2981674240.0	1441433664.0	98.79732513427734	92.867919921875	4.4557108879089355	-28.876540064811707
384000.3125	99.7709732055664	2625973248.0	2981681408.0	1441266112.0	98.79878234863281	92.86947631835938	4.44545841217041	-28.882628679275513
384600.3125	99.77107238769531	2626186240.0	2981684224.0	1441027328.0	98.80047607421875	92.87086486816406	4.434884071350098	-28.89081835746765
385200.3125	99.77098083496094	2626401536.0	2981679872.0	1440770176.0	98.80203247070312	92.87244415283203	4.4279255867004395	-28.89927625656128
385800.3125	99.77092742919922	2626562816.0	2981692928.0	1440621888.0	98.80362701416016	92.87391662597656	4.417542457580566	-28.905069828033447
386400.3125	99.77083587646484	2626782464.0	2981700864.0	1440392512.0	98.80553436279297	92.87541198730469	4.410224437713623	-28.913304209709167
387000.3125	99.7711181640625	2626940928.0	2981710848.0	1440238400.0	98.80701446533203	92.877197265625	4.400974273681641	-28.919079899787903
387600.3125	99.77108764648438	2627134464.0	2981713920.0	1440026496.0	98.80859375	92.87859344482422	4.390985488891602	-28.92645299434662
388200.3125	99.77108764648438	2627330048.0	2981698560.0	1439758592.0	98.8096923828125	92.88008117675781	4.3825531005859375	-28.93458604812622
388800.3125	99.77112579345703	2627513344.0	2981700352.0	1439556544.0	98.81117248535156	92.88111114501953	4.372968673706055	-28.941592574119568
389400.3125	99.77091217041016	2627712256.0	2981702656.0	1439337472.0	98.81278991699219	92.88249969482422	4.364721298217773	-28.949186205863953
390000.3125	99.77106475830078	2627883008.0	2981705216.0	1439148416.0	98.81417083740234	92.88402557373047	4.357020378112793	-28.955715894699097
390600.3125	99.77110290527344	2628036096.0	2981693696.0	1438944128.0	98.81507110595703	92.88532257080078	4.347813606262207	-28.96200716495514
391200.3125	99.77106475830078	2628223488.0	2981691392.0	1438724160.0	98.81646728515625	92.88616943359375	4.339804649353027	-28.96934151649475
391800.3125	99.77099609375	2628389376.0	2981686016.0	1438521216.0	98.81761932373047	92.88748168945312	4.331095218658447	-28.975939750671387
392400.3125	99.77104187011719	2628568576.0	2981687040.0	1438320960.0	98.81904602050781	92.8885498046875	4.321872711181641	-28.982827067375183
393000.3125	99.77096557617188	2628755712.0	2981684480.0	1438100544.0	98.8204345703125	92.889892578125	4.315062046051025	-28.99014949798584
393600.3125	99.77098083496094	2628908800.0	2981694208.0	1437953152.0	98.8218765258789	92.8912124633789	4.307445049285889	-28.995707631111145
394200.3125	99.77104187011719	2629072384.0	2981701376.0	1437789184.0	98.8233642578125	92.892578125	4.299637317657471	-29.00177240371704
394800.3125	99.77082824707031	2629235968.0	2981701888.0	1437605952.0	98.82466125488281	92.89395904541016	4.290228843688965	-29.0080726146698
395400.3125	99.77100372314453	2629426176.0	2981700096.0	1437385088.0	98.82609558105469	92.89518737792969	4.282352924346924	-29.01546359062195
396000.3125	99.77115631103516	2629588480.0	2981700096.0	1437200512.0	98.82736206054688	92.89653015136719	4.2758612632751465	-29.02173101902008
396600.3125	99.77095031738281	2629738752.0	2981712640.0	1437065664.0	98.82887268066406	92.8977279663086	4.267941474914551	-29.02710735797882
397200.3125	99.77101135253906	2629902080.0	2981714944.0	1436888704.0	98.83023071289062	92.89913940429688	4.261867523193359	-29.03331220149994
397800.3125	99.77085876464844	2630032896.0	2981718784.0	1436752960.0	98.83137512207031	92.90040588378906	4.252875804901123	-29.03819978237152
398400.3125	99.77104187011719	2630214400.0	2981717760.0	1436542848.0	98.83274841308594	92.9014892578125	4.246016025543213	-29.04525101184845
399000.3125	99.77099609375	2630352896.0	2981712640.0	1436373504.0	98.8337173461914	92.90278625488281	4.239172458648682	-29.050755500793457
399600.3125	99.7709732055664	2630501376.0	2981717760.0	1436222528.0	98.83505249023438	92.9036865234375	4.232429504394531	-29.056283831596375
400200.3125	99.77085876464844	2630626048.0	2981652992.0	1435856064.0	98.8338623046875	92.90495300292969	4.226822376251221	-29.063767194747925
400800.3125	99.77099609375	2630740736.0	2981634816.0	1435662976.0	98.83415222167969	92.90382385253906	4.219419479370117	-29.068931937217712
401400.3125	99.77101135253906	2630885632.0	2981608448.0	1435417472.0	98.83450317382812	92.90409851074219	4.211956024169922	-29.07552719116211
402000.3125	99.77101135253906	2631032064.0	2981589248.0	1435197952.0	98.83513641357422	92.9044418334961	4.207155227661133	-29.081842303276062
402600.3125	99.77096557617188	2631141376.0	2981591808.0	1435081920.0	98.83606719970703	92.905029296875	4.2003045082092285	-29.08596694469452
403200.3125	99.77091217041016	2631266304.0	2981565952.0	1434871360.0	98.83638000488281	92.90589904785156	4.195556640625	-29.091668128967285
403800.3125	99.77108764648438	2631360512.0	2981559040.0	1434746816.0	98.83695220947266	92.90618133544922	4.18968391418457	-29.095548391342163
404400.3125	99.77096557617188	2631482368.0	2981557248.0	1434606144.0	98.83787536621094	92.90674591064453	4.183434963226318	-29.10027503967285
405000.3125	99.77104187011719	2631607808.0	2981548032.0	1434441728.0	98.83863830566406	92.90760040283203	4.178355693817139	-29.10541594028473
405600.3125	99.77108764648438	2631703040.0	2981529856.0	1434286272.0	98.83892822265625	92.9083251953125	4.172759056091309	-29.10970151424408
406200.3125	99.77096557617188	2631811584.0	2981518848.0	1434137536.0	98.83953857421875	92.9085922241211	4.168144702911377	-29.114234447479248
406800.3125	99.77085876464844	2631906560.0	2981515520.0	1434022400.0	98.8402099609375	92.90917205810547	4.163877010345459	-29.117998480796814
407400.3125	99.77103424072266	2631998976.0	2981516288.0	1433922048.0	98.84097290039062	92.9097900390625	4.158919811248779	-29.12152409553528
408000.3125	99.77114868164062	2632100352.0	2981513728.0	1433802880.0	98.84172058105469	92.9105224609375	4.154722213745117	-29.125499725341797
408600.3125	99.77108764648438	2632187648.0	2981509632.0	1433695360.0	98.84232330322266	92.91120910644531	4.1502556800842285	-29.128986597061157
409200.3125	99.77105712890625	2632279808.0	2981510144.0	1433595008.0	98.84308624267578	92.91178894042969	4.145669937133789	-29.132500290870667
409800.3125	99.77096557617188	2632369920.0	2981505536.0	1433482560.0	98.84368896484375	92.9124984741211	4.142406463623047	-29.136118292808533
410400.3125	99.77101135253906	2632442368.0	2981508608.0	1433411328.0	98.8443603515625	92.9130630493164	4.138917446136475	-29.138779640197754
411000.3125	99.77096557617188	2632520704.0	2981513728.0	1433341440.0	98.84515380859375	92.9136962890625	4.135373115539551	-29.14157807826996
411600.3125	99.77098083496094	2632595200.0	2981515776.0	1433264384.0	98.84580993652344	92.91443634033203	4.1313042640686035	-29.144367575645447
412200.3125	99.77115631103516	2632678400.0	2981516544.0	1433173888.0	98.84649658203125	92.9150619506836	4.1280412673950195	-29.147541522979736
412800.3125	99.77115631103516	2632747008.0	2981518336.0	1433104896.0	98.84711456298828	92.91570281982422	4.1254563331604	-29.150089621543884
413400.3125	99.77103424072266	2632807936.0	2981525504.0	1433057408.0	98.8478012084961	92.91629791259766	4.1225810050964355	-29.152172803878784
414000.3125	99.77096557617188	2632854528.0	2981509888.0	1432965568.0	98.84779357910156	92.91693878173828	4.1204352378845215	-29.154479503631592
414600.3125	99.77094268798828	2632898048.0	2981508608.0	1432913152.0	98.84809875488281	92.91693115234375	4.117455005645752	-29.156187176704407
415200.3125	99.77096557617188	2632958208.0	2981506560.0	1432843264.0	98.84855651855469	92.9172134399414	4.115377902984619	-29.158547520637512
415800.3125	99.77098083496094	2632993024.0	2981494528.0	1432774720.0	98.84854888916016	92.91764831542969	4.113402843475342	-29.16029393672943
416400.3125	99.77094268798828	2633036032.0	2981495552.0	1432731712.0	98.84893798828125	92.91764068603516	4.111612319946289	-29.161882400512695
417000.3125	99.7709732055664	2633072640.0	2981494528.0	1432690496.0	98.84922790527344	92.91800689697266	4.110276699066162	-29.16329801082611
417600.3125	99.77112579345703	2633100800.0	2981494528.0	1432660032.0	98.8494644165039	92.91828155517578	4.108664512634277	-29.164370894432068
418200.3125	99.77101135253906	2633133312.0	2981492992.0	1432622400.0	98.8497085571289	92.91850280761719	4.10723876953125	-29.165658354759216
418800.3125	99.77099609375	2633161472.0	2981490688.0	1432586560.0	98.84989166259766	92.91871643066406	4.106410026550293	-29.166799783706665
419400.3125	99.77101135253906	2633178880.0	2981490688.0	1432568640.0	98.85004425048828	92.91889953613281	4.105432987213135	-29.167446494102478
420000.3125	99.7711181640625	2633201152.0	2981491712.0	1432551168.0	98.85029602050781	92.9190444946289	4.104886054992676	-29.168254137039185
420600.3125	99.77101135253906	2633212928.0	2981492224.0	1432541760.0	98.85041809082031	92.91928100585938	4.104395866394043	-29.168644547462463
421200.3125	99.77104187011719	2633222656.0	2981490688.0	1432528320.0	98.85047912597656	92.91938781738281	4.10406494140625	-29.169070720672607
421800.3125	99.77102661132812	2633228544.0	2981487872.0	1432519360.0	98.85050201416016	92.91944885253906	4.103937149047852	-29.169344902038574
422400.3125	99.77104187011719	2633233152.0	2981489408.0	1432520704.0	98.85060119628906	92.91946411132812	4.104022979736328	-29.16944921016693
423000.3125	99.7711181640625	2633232640.0	2981490432.0	1432526976.0	98.85064697265625	92.9195556640625	4.104233741760254	-29.1693776845932
423600.3125	99.7711181640625	2633228032.0	2981490176.0	1432533696.0	98.85063171386719	92.91960144042969	4.104637145996094	-29.169195890426636
424200.3125	99.77100372314453	2633220608.0	2981489920.0	1432544896.0	98.85060119628906	92.9195785522461	4.105262279510498	-29.16886806488037
424800.3125	99.7709732055664	2633208320.0	2981490176.0	1432562816.0	98.85054016113281	92.9195556640625	4.10602331161499	-29.168370366096497
425400.3125	99.77107238769531	2633193728.0	2981490688.0	1432584320.0	98.85047149658203	92.91950988769531	4.107006549835205	-29.167750477790833
426000.3125	99.77100372314453	2633174528.0	2981491200.0	1432610304.0	98.85035705566406	92.91943359375	4.108240604400635	-29.166969656944275
426600.3125	99.77091217041016	2633147136.0	2981487872.0	1432636288.0	98.85009765625	92.9193344116211	4.109325408935547	-29.165995121002197
427200.3125	99.77095031738281	2633125120.0	2981488896.0	1432664960.0	98.84996032714844	92.9190902709961	4.110706806182861	-29.165104031562805
427800.3125	99.77092742919922	2633097472.0	2981489152.0	1432699904.0	98.84977722167969	92.91895294189453	4.112281799316406	-29.16400134563446
428400.3125	99.77101135253906	2633063680.0	2981487616.0	1432736192.0	98.84950256347656	92.9188003540039	4.114394664764404	-29.162725806236267
429000.3125	99.77110290527344	2633023488.0	2981490688.0	1432793984.0	98.84930419921875	92.91853332519531	4.116342544555664	-29.161038994789124
429600.3125	99.77115631103516	2632982272.0	2981489408.0	1432840576.0	98.84898376464844	92.91834259033203	4.118168354034424	-29.159468412399292
430200.3125	99.77096557617188	2632943104.0	2981487616.0	1432882240.0	98.84864807128906	92.91805267333984	4.120532989501953	-29.157981276512146
430800.3125	99.77105712890625	2632894208.0	2981486080.0	1432936896.0	98.84825134277344	92.917724609375	4.1225266456604	-29.156139492988586
431400.3125	99.77098083496094	2632852480.0	2981484544.0	1432983040.0	98.84791564941406	92.9173583984375	4.125645160675049	-29.15455996990204
