	I1model_1	I3model_1	offset_model1
0	0.9740994261302953	1.0115673163711187	2.908452033996582
1	0.9741695339132186	1.0116175945989705	2.902177333831787
2	0.9742453607557896	1.0116517354916819	2.8925108909606925
3	0.9743488954563093	1.0116777528279282	2.8831171989440927
4	0.9744449362166009	1.0116897186070457	2.8667993545532227
5	0.9746020131479607	1.011693011940748	2.8517441749572754
6	0.9747585970569371	1.0116998181637322	2.8347911834716797
7	0.9749187307270741	1.0116815950505806	2.815812110900879
8	0.9751029238895225	1.0116669946045016	2.7980656623840323
9	0.9752703542909342	1.0116430630462665	2.77230167388916
10	0.9754967501694038	1.0115876252622815	2.7435684204101562
11	0.9757642641146513	1.0115321874782968	2.722949504852295
12	0.9759689670082502	1.0114951923630435	2.6904292106628427
13	0.9762533423190108	1.0114098950201598	2.665837287902832
14	0.9764800340109105	1.011352700791534	2.6329026222229004
15	0.976766381411205	1.011259389669975	2.5951104164123535
16	0.9771180049750651	1.0111513683245472	2.5614867210388175
17	0.977449611830158	1.0110621189812212	2.5211501121520996
18	0.9778033060880285	1.0109062345193232	2.4850316047668466
19	0.9781428999057329	1.010794590506823	2.4491610527038574
20	0.9784695765369916	1.0106719687153158	2.404750347137451
21	0.9788498940035671	1.0105156451422574	2.3640241622924805
22	0.9792226189254379	1.0103791913492017	2.317544460296631
23	0.9796179242724696	1.0102193548868612	2.2663559913635254
24	0.9800532630370357	1.0100373433109266	2.2269363403320312
25	0.9804124791456005	1.0099068175185346	2.181516170501709
26	0.9808003891568808	1.0097429192779614	2.13303804397583
27	0.9812171902798299	1.0095556383681037	2.0723457336425772
28	0.9817238200810394	1.0093258734534893	2.0196499824523926
29	0.9821810490394296	1.00913617743225	1.9747080802917472
30	0.982592426916161	1.0089737063029478	1.9182424545288086
31	0.9830617842251834	1.00875469961176	1.8732309341430664
32	0.9834653723482567	1.0085935458159387	1.8043141365051278
33	0.984025347171353	1.0083105386731408	1.7493896484375
34	0.9845074244578679	1.0080814324252667	1.6928915977478027
35	0.9849920654607766	1.0078523261773926	1.6356945037841797
36	0.985477100881592	1.0076312337081936	1.5863108634948722
37	0.9859100731387176	1.0074513079102705	1.5189728736877441
38	0.9864619623947257	1.0071692887675832	1.4489641189575204
39	0.9870494478668173	1.0068773896237895	1.4021391868591309
40	0.9874814340791759	1.0066998789372479	1.3315644264221191
41	0.9880529456260444	1.0063938184585355	1.2810559272766113
42	0.9885006099501961	1.0062144415495626	1.2164130210876474
43	0.9890341587735406	1.0059425219635616	1.1453852653503427
44	0.9896363363126583	1.0056453534858447	1.0847516059875488
45	0.9901781679120445	1.0054035130143226	1.0148286819458008
46	0.9907507641081565	1.0051095280925177	0.9547038078308105
47	0.9912653808719776	1.0048383769510474	0.8968625068664551
48	0.991764220919529	1.0045861075894686	0.827418327331543
49	0.9923319854962834	1.0042768635548442	0.7663793563842773
50	0.992864646879338	1.0040130675253083	0.6988124847412109
51	0.993418705433833	1.003724900826377	0.6264481544494629
52	0.9940218690177176	1.0034167545696533	0.5722317695617685
53	0.9945044393266159	1.0031971989895152	0.5113687515258789
54	0.9950057444860844	1.0029283531816362	0.44824743270874023
55	0.9955265733319366	1.0026396375937545	0.37079715728759766
56	0.9961521201320287	1.002295154888518	0.3051643371582031
57	0.996717419596866	1.0020305904144515	0.2506561279296884
58	0.9972024550176815	1.0017967637216045	0.1836814880371085
59	0.9977490196319485	1.0015021201330592	0.1315302848815918
60	0.9982062485903387	1.001279051663639	0.053259849548339844
61	0.9988277526068867	1.0009027333992824	-0.0077114105224609375
62	0.9993623860794748	1.0006500249265435	-0.06916284561157227
63	0.999886666082011	1.000378873785073	-0.12985467910766602
64	1.0003804773012515	1.0001001479760876	-0.18119144439697354
65	1.000822521170232	0.9998848737297623	-0.2497577667236337
66	1.0013780587918775	0.9995718972502754	-0.319582462310791
67	1.001959627995368	0.9992649585492425	-0.3654651641845694
68	1.002383035618255	0.9990523189698787	-0.43335628509521484
69	1.002925557448978	0.9987174967101682	-0.48077869415283203
70	1.0033358506764658	0.9985170424655021	-0.5404362678527832
71	1.0038148712242034	0.9982294246555212	-0.6046774387359619
72	1.0043495046967916	0.99792534017703	-0.6583302021026611
73	1.004821721535638	0.9976836094832979	-0.7190568447113042
74	1.0053179978667954	0.9974086161191751	-0.770359992980957
75	1.005829064869456	0.9971971840955021	-0.8185586929321289
76	1.006269432462333	0.9969842151827681	-0.8752937316894531
77	1.006729520950547	0.9967155889304692	-0.9242258071899414
78	1.0071576615883149	0.9964943866834801	-0.9773719310760498
79	1.007598226390145	0.9962584742126218	-1.0333151817321777
80	1.0080590051096958	0.9959970932944674	-1.0743408203125
81	1.0084249263226754	0.9958188141633953	-1.1195948123931885
82	1.0088019898415204	0.9956119928069053	-1.1656758785247798
83	1.0091858570692565	0.9953952914493089	-1.221092700958252
84	1.009637662781429	0.9951379723093872	-1.2670011520385738
85	1.0100484490313002	0.9949444340654955	-1.3042855262756352
86	1.0104020446846942	0.9947803162693423	-1.349036693572998
87	1.0107804886662126	0.9945749220241231	-1.383141279220581
88	1.011111010872062	0.9944333086749341	-1.4332282543182373
89	1.011525642696524	0.9941935539814233	-1.471106767654419
90	1.0118615881485913	0.994034266408033	-1.5084216594696045
91	1.0121928005857774	0.9938796992796158	-1.5446276664733882
92	1.012496896791875	0.9936856121467739	-1.574312686920166
93	1.0127568181924178	0.9935494876870882	-1.6128668785095215
94	1.0130640697417694	0.993347057442201	-1.6512508392333984
95	1.0133910421864583	0.9931681196443884	-1.6755483150482178
96	1.0136226641021922	0.9930676729664752	-1.7106518745422359
97	1.0138987566369113	0.9928916991689946	-1.734316110610962
98	1.014110361843878	0.9927964120472147	-1.763199806213379
99	1.0143481958416434	0.9926605071431092	-1.793514251708984
100	1.0146047646899787	0.9925193329050804	-1.8178539276123042
101	1.0148255401132773	0.9924130680042936	-1.8442821502685547
102	1.0150454280962857	0.9922941786576488	-1.8657641410827637
103	1.0152303114900707	0.9922024044251511	-1.8847780227661133
104	1.0153899521378245	0.992108324859062	-1.906321525573731
105	1.0155638904346973	0.9920032675139658	-1.9239423274993896
106	1.0157250101496014	0.9919258741719672	-1.941866159439087
107	1.015859901073707	0.9918280621610157	-1.9595918655395508
108	1.0160113575498957	0.991747595040895	-1.9716260433197017
109	1.0161219917727367	0.9916944625905016	-1.9838371276855469
110	1.0162117218465203	0.9916211310267355	-1.9952845573425293
111	1.0163095374873923	0.9915653639093805	-2.007690191268921
112	1.0164131707923887	0.9915068523472736	-2.0168015956878658
113	1.0164939278587939	0.9914672225650588	-2.0232136249542236
114	1.0165592040223597	0.9914416443399727	-2.02986216545105
115	1.0166203387979047	0.991415078114776	-2.0338387489318848
116	1.0166598791930554	0.9913983918906855	-2.038368701934815
117	1.0167017860956469	0.991378522110683	-2.0405545234680176
118	1.0167232818715641	0.9913679834428364	-2.0415022373199463
119	1.0167369878938235	0.9913653487758747	-2.041154146194458
120	1.0167382697520204	0.9913676541094661	-2.039745092391968
121	1.0167300855804555	0.9913743505546604	-2.0364573001861572
122	1.0167069135284343	0.9913892803341098	-2.03163743019104
123	1.016669443827294	0.9914101381142228	-2.027364730834961
124	1.0166338476112105	0.991427812338424	-2.0197007656097408
125	1.0165720226043289	0.9914598674531242	-2.013211965560913
126	1.0165198608361623	0.991488299900752	-2.0037355422973633
127	1.0164423577174875	0.9915290274608677	-1.9920463562011719
128	1.0163486834646365	0.9915828185780015	-1.9810194969177246
129	1.016253234331205	0.9916305719166815	-1.9670848846435547
130	1.0161396419740634	0.9916911692567996	-1.9540081024169917
131	1.0160254579900616	0.9917423257069717	-1.9405157566070557
132	1.0159099921478632	0.9918008372690785	-1.9232218265533443
133	1.0157653393805657	0.991874717721795	-1.9068949222564697
134	1.0156148689491438	0.9919369617287642	-1.887784481048584
135	1.0154619334058048	0.9920234666273385	-1.8662009239196777
136	1.0152744862956258	0.9921103008592832	-1.8490808010101318
137	1.0151191842448464	0.9921774848668055	-1.8289580345153809
138	1.0149595435970926	0.9922739795442761	-1.8070576190948482
139	1.0147642081287789	0.9923608137762208	-1.7790806293487549
140	1.0145359387652522	0.992485192012369	-1.7543644905090332
141	1.0143233475135185	0.9925891515795643	-1.7328567504882812
142	1.0141288008810183	0.9926786204784706	-1.705446481704712
143	1.0139061519726627	0.9928013520477678	-1.6831700801849365
144	1.0137109151088257	0.9928953218360669	-1.6485333442687988
145	1.0134323574621893	0.9930524138536556	-1.6206047534942627
146	1.0131885085913463	0.993168997866709	-1.5914545059204102
147	1.012936968571322	0.993294693436338	-1.5614030361175537
148	1.0126855271557742	0.9934241214508294	-1.5350604057312012
149	1.0124565675609107	0.9935302765738261	-1.4989242553710938
150	1.0121564155338805	0.9936880272581553	-1.4609868526458736
151	1.011839402141337	0.9938592806106631	-1.435282945632935
152	1.0116026527928152	0.993964118400179	-1.396256446838379
153	1.0112907668330595	0.9941447028648426	-1.3681058883666988
154	1.0110400156488486	0.9942517362101598	-1.3317947387695312
155	1.0107412440844918	0.994415854006313	-1.2915198802947998
156	1.0104029321249843	0.9945996220268886	-1.2568225860595703
157	1.0100976526651664	0.9947856953810557	-1.2165980339050293
158	1.0097726523100112	0.9949836247365501	-1.181655883789063
159	1.0094716128426908	0.9951365451981162	-1.1479365825653076
160	1.0091780673155983	0.9952862821037705	-1.1071534156799316
161	1.0088400511695208	0.9954704892355063	-1.0708541870117192
162	1.0084847792400233	0.9956268128085646	-1.0304744243621826
163	1.0081181677957072	0.9957986150500227	-0.9868307113647461
164	1.0077344977769243	0.995991714182754	-0.9537754058837886
165	1.0074279364589094	0.9961244355309475	-0.9164383411407471
166	1.007108753767879	0.9962872359936199	-0.877326488494873
167	1.0067744845919153	0.9964621120131998	-0.8291478157043457
168	1.0063688257748318	0.9966634444801864	-0.7880632877349849
169	1.0060075389722565	0.9968239396092674	-0.7534661293029785
170	1.0056874688409356	0.9969654431806664	-0.7108016014099121
171	1.0053340703964952	0.9971537120906347	-0.6773648262023921
172	1.0050289881456307	0.9972854454387176	-0.626989364624023
173	1.004620469798723	0.9975165276868129	-0.5876107215881352
174	1.0042694378617232	0.9976753761490428	-0.5475656986236568
175	1.0039249138201845	0.9978500326130426	-0.507638692855835
176	1.0035907432486977	0.9980244695214623	-0.4737262725830087
177	1.00323369643862	0.9981630090925294	-0.4284195899963379
178	1.002853773389951	0.9983922251181936	-0.3817234039306632
179	1.0024581722294892	0.9986049744753474	-0.3509502410888663
180	1.0021666973964072	0.9987278158224346	-0.3053073883056632
181	1.0018008747879044	0.9989492376250039	-0.27313518524169833
182	1.0015146259920868	0.9990778971949648	-0.23233509063720703
183	1.0011768070549627	0.9992661661049331	-0.18811464309692383
184	1.0007994477226876	0.9994682670164503	-0.15086650848388672
185	1.000465868778061	0.9996322750348134	-0.10840320587158203
186	1.0001119773112372	0.9998196657224613	-0.0722951889038086
187	0.9998035425081653	1.0000105692993912	-0.03815317153930664
188	0.9995084193094459	1.0001767728735558	0.0022287368774414062
189	0.9991828273274308	1.000380740007504	0.037262916564941406
190	0.9988829711138305	1.0005528715823324	0.07554101943969727
191	0.9985710851540747	1.0007311507134045	0.11611175537109375
192	0.9982310969184635	1.0009129427337589	0.14600658416748047
193	0.9979639773911226	1.0010417120815098	0.1791667938232422
194	0.9976924206623311	1.0011985845435183	0.2132129669189453
195	0.9974032137322129	1.0013532614497256	0.2543191909790039
196	0.9970683529293893	1.001543177026545	0.2886786460876474
197	0.9967728353127632	1.0016901694874476	0.3168983459472665
198	0.9965204078524487	1.0018219028355304	0.35109519958496094
199	0.9962436250863927	1.0019932659658282	0.37737703323364347
200	0.9960105241035084	1.0021112770901524	0.41615915298461914
201	0.99570258232282	1.0023040468895135	0.4458818435668954
202	0.9954482813774485	1.002439842015829	0.47541141510009766
203	0.9951970371708541	1.0025769544756251	0.5043387413024902
204	0.9949549631805914	1.0027063824901166	0.5282468795776367
205	0.9947531198168165	1.0028156113912352	0.5597391128540039
206	0.9944965509684811	1.0029611767408668	0.5913596153259277
207	0.994225783075503	1.003090275421988	0.6117100715637216
208	0.994030842025096	1.0031622896522734	0.6410951614379883
209	0.9938055307958699	1.0033123558912977	0.6612820625305185
210	0.9936296204094631	1.003397214123021	0.6864185333251953
211	0.9934261993740612	1.003516432803036	0.7129702568054199
212	0.9931973383836744	1.0036345537051503	0.7347040176391602
213	0.9930084122063452	1.0037367568277045	0.7589106559753418
214	0.9928129781335547	1.0038484008402047	0.7787919044494629
215	0.9926398286724952	1.003931612405077	0.7971086502075204
216	0.9924869917336329	1.0040192150815521	0.8181772232055664
217	0.9923162087800138	1.0041184542037747	0.8359313011169434
218	0.9921586388262705	1.0041969453236739	0.8546080589294434
219	0.9920157609395535	1.004292561778824	0.8736972808837891
220	0.9918537537843594	1.0043762124548568	0.8872919082641602
221	0.991732864695943	1.0044351631281236	0.9018774032592773
222	0.9916257802342627	1.0045161791371946	0.9163041114807129
223	0.9915025246384059	1.0045796306998547	0.932884693145752
224	0.9913802550873161	1.0046688800431807	0.946070671081543
225	0.9912604506481434	1.004718828937662	0.956296443939209
226	0.9911810740444116	1.0047779991665093	0.9680919647216797
227	0.9910873011870838	1.004834864061765	0.9765806198120117
228	0.9910143338743366	1.0048740547328197	0.9882960319519034
229	0.9909231247334026	1.0049341031839876	0.9967131614685059
230	0.9908533127639094	1.004973074299462	1.0043950080871582
231	0.9907869519511001	1.005006446747643	1.0112285614013672
232	0.9907305501904361	1.005036635639912	1.0163145065307617
233	0.9906841074819173	1.005055627197594	1.0222382545471191
234	0.9906394396539788	1.005087462756714	1.0274052619934082
235	0.9905974341469108	1.00511315075959	1.0301814079284668
236	0.9905722900053561	1.0051254458720777	1.0333991050720215
237	0.990545666796651	1.0051404854293173	1.034985065460205
238	0.9905320593788683	1.0051471818745115	1.036170482635498
239	0.9905219031177698	1.005152890319595	1.0365805625915527
240	0.9905185505655625	1.0051557445421369	1.03615140914917
241	0.9905223961401532	1.0051547565420262	1.0348014831542969
242	0.9905335384460187	1.0051490480969427	1.0328435897827148
243	0.9905502026025785	1.005141473429428	1.0302505493164062
244	0.9905762341844234	1.0051346672064436	1.0263662338256836
245	0.9906085764527762	1.0051180907601431	1.0221996307373047
246	0.9906446656912431	1.005100306758152	1.016838550567627
247	0.9906895307281349	1.005077802311188	1.0102920532226562
248	0.9907431715634518	1.0050479427522891	1.0047507286071777
249	0.9907912905480742	1.005024011194054	0.9978475570678711
250	0.9908513406743756	1.0049960178575865	0.989997386932373
251	0.9909169126513715	1.0049600107424437	0.9794988632202148
252	0.9910013180834142	1.0049118182926036	0.9699063301086435
253	0.9910822723587729	1.004869773399007	0.9612932205200204
254	0.9911597754774476	1.004832997839334	0.950009822845459
255	0.991254632984019	1.0047848053894937	0.9406518936157227
256	0.9913343054011807	1.0047421018291567	0.9257502555847168
257	0.9914550958851203	1.0046738200437337	0.9134445190429688
258	0.9915650398766245	1.004625078704943	0.900383472442627
259	0.9916728145696416	1.0045630542535542	0.8867263793945312
260	0.9917877873894568	1.0045044329136572	0.874600887298584
261	0.9918952662690439	1.004456130686027	0.8576478958129883
262	0.9920311432379163	1.0043755537881163	0.8395485877990723
263	0.992192657370727	1.0043033200022509	0.8271012306213379
264	0.9923093064666458	1.0042542493300899	0.8079986572265625
265	0.9924519871444095	1.0041531439854363	0.793999195098877
266	0.992585990628225	1.0041086839804585	0.7757134437561044
267	0.9927228536418643	1.0040116404140373	0.7552461624145508
268	0.9929069481998359	1.003929746182646	0.737433910369873
269	0.9930658000117761	1.0038523528406473	0.7165064811706534
270	0.9932327373908044	1.003753223496215	0.6982293128967285
271	0.9933988859340194	1.0036838439328912	0.6803359985351562
272	0.9935479759027677	1.003599205256748	0.6585040092468262
273	0.9937252667518479	1.0034976608009343	0.6389360427856445
274	0.993901374347208	1.0034155470139625	0.6170563697814941
275	0.9940694949799567	1.0033056594461034	0.5932397842407227
276	0.9942636471945502	1.0031944545447635	0.5750675201416016
277	0.994424175282594	1.0031167318693945	0.5544066429138184
278	0.9945862810422648	1.00301408963568	0.5326066017150879
279	0.9947759960554075	1.0029220958476022	0.5055232048034668
280	0.9949908552101049	1.0027943144999618	0.4822211265563965
281	0.9951858948649885	1.0026915624884574	0.46263837814331144
282	0.9953564806096543	1.0026014349228105	0.4382295608520508
283	0.9955478718989007	1.0024839726874366	0.41904306411743164
284	0.9957186548525198	1.002403395789526	0.3898744583129883
285	0.995944557708606	1.0022583793288449	0.36681365966796875
286	0.9961454150276141	1.002161445540214	0.34317445755004883
287	0.9963468639734824	1.0020575957508087	0.31952524185180664
288	0.9965443687402832	1.0019540752947735	0.2992739677429199
289	0.9967201805222132	1.001870314840951	0.271817684173584
290	0.9969361243261542	1.0017364957148567	0.24352073669433594
291	0.9971735639060126	1.0016086045894261	0.22471237182617188
292	0.997350854755093	1.0015352730256601	0.19666814804077237
293	0.9975665027456039	1.0013927814541506	0.1767435073852539
294	0.9977433991767775	1.0013150587787816	0.1513514518737784
295	0.9979489895106665	1.0011960596543468	0.12361955642700195
296	0.998183273747271	1.0010619111948824	0.1000981330871582
297	0.9983860045513362	1.0009417045147568	0.07317304611206055
298	0.998606385556728	1.0008139231671165	0.05026626586914151
299	0.9987972838235909	1.0007061213772688	0.028499603271483487
300	0.9989818714039459	1.0006021618100733	0.002556324005126953
301	0.9991869687154515	1.0004707577953607	-0.020153045654296875
302	0.9993836846464389	1.000363285338883	-0.045165061950683594
303	0.9995866126594574	1.0002459328812994	-0.0717463493347168
304	0.9998077825006627	1.0001237502009526	-0.09155941009521484
305	0.9999828054467793	1.000035818191107	-0.11366033554077148
306	1.000163744661497	0.9999308706238011	-0.13641786575317383
307	1.0003529666522561	0.9998215319448924	-0.16407966613769442
308	1.000569009060674	0.9996823337070849	-0.18729114532470703
309	1.0007556673350393	0.9995669572497223	-0.20655393600463867
310	1.000926943311042	0.9994786959065068	-0.22995567321777255
311	1.0011119253093037	0.9993681496719073	-0.2480611801147461
312	1.001278862688332	0.9993062349983084	-0.27524137496948153
313	1.0014911581266357	0.9991436540912162	-0.2961721420288086
314	1.0016813661621617	0.9990520994142985	-0.31720733642578125
315	1.0018600374739157	0.998949347402794	-0.3379220962524414
316	1.0020281581066643	0.9988499985027814	-0.3551030158996582
317	1.0021676834411741	0.9987644816043177	-0.3780722618103036
318	1.0023471435887414	0.9986476780356842	-0.4014902114868164
319	1.0025515506689102	0.9985489878024122	-0.4165940284728995
320	1.0026854555482492	0.9984789495723482	-0.43869829177856356
321	1.0028419408527487	0.9983508388913376	-0.45409059524536133
322	1.0029884671051033	0.9982995726633753	-0.47333097457885653
323	1.0031341059171677	0.9981980282075614	-0.4939079284667969
324	1.0033152423408387	0.9981102059755063	-0.5109777450561519
325	1.0034644309140637	0.9980320441889771	-0.5300676822662354
326	1.0036159859947291	0.997939611289739	-0.5460226535797119
327	1.0037606387620266	0.9978783552828805	-0.5609078407287602
328	1.0038804432011992	0.997802828163313	-0.5782792568206792
329	1.0040177006327453	0.9977173112648492	-0.5931155681610112
330	1.0041578175941153	0.9976602268140132	-0.6090803146362305
331	1.0042805801675885	0.9975806379162132	-0.6255993843078618
332	1.0044235566587825	0.9975112583528896	-0.6375913619995122
333	1.0045334020458099	0.9974622974585188	-0.6506457328796391
334	1.0046351618657492	0.9973954427843668	-0.663886308670044
335	1.0048195522371508	0.9973426396673436	-0.679476261138916
336	1.0049679519745625	0.9972699667703179	-0.6922540664672852
337	1.0050816429361806	0.9972185907645655	-0.7024569511413574
338	1.0051697953383374	0.9971691907590345	-0.7146413326263432
339	1.005269583068743	0.9971123258637787	-0.7237741947174072
340	1.0053527066425887	0.9970737938594645	-0.7369139194488521
341	1.0054628478430463	0.9970129769637662	-0.7467174530029297
342	1.0055494225735762	0.9969702734034294	-0.7562310695648193
343	1.0056333349832354	0.9969284480654131	-0.765137672424316
344	1.0057109367063868	0.996890025838889	-0.772223711013794
345	1.0057704938103047	0.9968553360572271	-0.7813067436218262
346	1.005848095533456	0.9968139498303711	-0.7900645732879639
347	1.00592086563725	0.9967709169366641	-0.7954626083374023
348	1.005972238569603	0.9967479733785396	-0.802956342697144
349	1.006035937061542	0.996713612930248	-0.8078107833862305
350	1.0060777453596566	0.9966915475944441	-0.8134851455688481
351	1.0061279350382892	0.9966669573694686	-0.8191494941711426
352	1.0061749693736681	0.9966386346996309	-0.823452234268188
353	1.0062141153509123	0.9966187649196283	-0.8278067111968994
354	1.0062513878430994	0.9965988951396259	-0.8309459686279297
355	1.006275940357794	0.9965807818042645	-0.8335552215576167
356	1.0063004928724888	0.9965692551363072	-0.8361568450927734
357	1.0063222844618362	0.996556191579289	-0.8379592895507817
358	1.0063390472228728	0.9965475191338735	-0.8394112586975102
359	1.0063520630137952	0.9965401640219389	-0.8404541015625
360	1.0063619234614638	0.9965358826881262	-0.8408098220825191
361	1.006366853685298	0.9965348946880156	-0.8407306671142583
362	1.0063678397300648	0.9965358826881262	-0.8401966094970703
363	1.0063642899689043	0.9965381880217177	-0.838988065719604
364	1.0063550211480958	0.9965435671334311	-0.8374354839324951
365	1.006343977446707	0.9965514711343161	-0.8357660770416264
366	1.0063294825886342	0.9965586066906705	-0.8332216739654537
367	1.0063099589022506	0.9965707920253681	-0.830808162689209
368	1.00628974498453	0.9965812209154248	-0.8266770839691162
369	1.0062573041117004	0.9966004320286869	-0.822996854782104
370	1.006227328350788	0.9966176671417276	-0.8188199996948238
371	1.006192915388425	0.9966370978105699	-0.8142151832580562
372	1.0061549526649012	0.9966575164795227	-0.8099312782287602
373	1.006118271799574	0.9966756298148841	-0.8037297725677486
374	1.0060676877030346	0.996704172040302	-0.7968218326568599
375	1.0060126664050442	0.996737434710693	-0.7919306755065918
376	1.0059691818308258	0.9967589511575465	-0.7842080593109131
377	1.0059062721747005	0.9967946289393189	-0.7784073352813721
378	1.0058577587721713	0.9968199876088248	-0.7706255912780762
379	1.0057933700488957	0.996855226279437	-0.761725664138794
380	1.0057209943630088	0.9968983689509342	-0.753827571868896
381	1.005653548900956	0.9969354738439775	-0.7443618774414062
382	1.0055750597375144	0.9969772991819938	-0.7359204292297359
383	1.0055041631187775	0.9970147334084074	-0.7275352478027344
384	1.005430406970217	0.9970504111901798	-0.7171967029571529
385	1.005346001538174	0.99709849386223	-0.7077934741973881
386	1.0052654416807223	0.9971426245338377	-0.6970582008361825
387	1.0051772892785655	0.9971905974280979	-0.6852409839630127
388	1.0050804596824605	0.9972448276563921	-0.67615795135498
389	1.0050000970339619	0.9972842378830269	-0.6656780242919917
390	1.0049091837064579	0.9973283685546346	-0.6544346809387207
391	1.0048168899162804	0.9973813912272379	-0.6404438018798833
392	1.0047031003501854	0.9974463796789588	-0.6282491683959961
393	1.0045971991422253	0.9974970970179707	-0.6178884506225586
394	1.0045081592997784	0.9975470459124521	-0.6048369407653813
395	1.004400483211238	0.9976057770301391	-0.5943822860717769
396	1.0043081894210606	0.9976495783683765	-0.5783748626708984
397	1.0041808910416596	0.9977256543768944	-0.5656445026397705
398	1.004063847527834	0.9977738468267348	-0.5525379180908199
399	1.0039603128273145	0.997841030834257	-0.5392355918884282
400	1.00384918558209	0.9978996521741539	-0.52781081199646
401	1.0037499894785444	0.9979478446239941	-0.512232780456543
402	1.0036256492334443	0.9980232619657716	-0.49591064453125
403	1.0034018170713683	0.9980834201947294	-0.48500490188598633
404	1.003290394012714	0.9981330397558406	-0.4686317443847665
405	1.0031641802825566	0.9982166904318732	-0.45709848403930664
406	1.0030666604551148	0.9982692739933163	-0.4421901702880868
407	1.0029510960084396	0.9983478748910057	-0.4258003234863281
408	1.0028075278903856	0.9984217553437221	-0.4118332862853995
409	1.0026788490483112	0.9984824624616303	-0.3957376480102539
410	1.002555100430071	0.9985668815821934	-0.38188934326171875
411	1.002427604841717	0.9986200140325868	-0.3686342239379883
412	1.0023199287531763	0.9986884055957999	-0.3527050018310556
413	1.0021864182917444	0.9987608589372454	-0.33864736557006836
414	1.0020572464272866	0.9988195900549324	-0.3231344223022461
415	1.0019376391970671	0.9988984105082019	-0.3065204620361337
416	1.001792197593956	0.9989683389604759	-0.29407310485839755
417	1.0016777177965244	0.9990190562994878	-0.2801079750061035
418	1.0015691542676939	0.9990916194187234	-0.26557302474975675
419	1.0014458000673603	0.9991584740928755	-0.2477712631225586
420	1.0013023305537831	0.9992430029912286	-0.23273468017578125
421	1.0011630024282268	0.9992986603307936	-0.22014760971069336
422	1.0010579886605568	0.9993622216712436	-0.20470952987670898
423	1.0009340428333633	0.9994353336794296	-0.19262027740478516
424	1.0008207462896517	0.9994804523511479	-0.17452716827392667
425	1.0006824042088622	0.9995720070280655	-0.16041040420532138
426	1.0005450481728393	0.9996175648109442	-0.14626550674438477
427	1.0004353013902885	0.9996924332637712	-0.13217926025390625
428	1.000312045794432	0.9997486394922865	-0.1202678680419913
429	1.0002216254893113	0.9998444755030168	-0.10439491271972745
430	1.000097975475548	0.9999418484028081	-0.08810091018676847
431	0.9999554920067375	1.0000201199671273	-0.07740306854247958
432	0.9998587610151091	1.0000694101948684	-0.0617070198059082
433	0.9997405342475633	1.0001555857600726	-0.0506744384765625
434	0.9996388730321006	1.000196313320188	-0.03687286376953125
435	0.9995339578689074	1.0002703035506946	-0.02196502685546875
436	0.999409025996947	1.0003412200030792	-0.009546279907226562
437	0.9992970113114324	1.0003958893425335	0.004458427429199219
438	0.9991902226631821	1.0004688915729296	0.016284942626953125
439	0.9990870823805692	1.0005186209118309	0.02740478515625
440	0.9989939011501016	1.0005720826955944	0.040488243103027344
441	0.9988912538898721	1.0006374004806855	0.051667213439941406
442	0.9988033973011454	1.0006997542654448	0.06385374069213867
443	0.9987041025931233	1.0007549724938494	0.07659196853637695
444	0.9986001734746968	1.0008152405005972	0.0859074592590332
445	0.9985173457142811	1.0008558582829228	0.09620189666748047
446	0.9984309681927047	1.000902184510332	0.10667610168457031
447	0.998344985089035	1.000953121404924	0.1192026138305664
448	0.9982457889854895	1.001013718745042	0.12959051132202148
449	0.9981589184415297	1.0010605938614017	0.13803768157958984
450	0.9980821055541917	1.0010972596432848	0.1481480598449716
451	0.9979985875624393	1.0011430369817436	0.15586042404174805
452	0.997930353264573	1.0011761898743443	0.16713905334472656
453	0.9978399329594525	1.0012300907692682	0.1757187843322754
454	0.9977684447138556	1.0012696107736931	0.18413734436035156
455	0.9976936039160513	1.0013049592220953	0.19227075576782227
456	0.9976254682226617	1.001340856559448	0.19895696640014648
457	0.9975676859993241	1.0013691792292856	0.20763349533081055
458	0.997495014500007	1.0014083699003402	0.21624279022216797
459	0.9974253997394671	1.0014501952383565	0.22168827056884766
460	0.9973757030832177	1.0014739072410115	0.22954654693603516
461	0.9973105255241286	1.0015089263560435	0.23479890823364347
462	0.9972672381588638	1.0015330774698588	0.24125957489013672
463	0.9972128084877334	1.0015617294730668	0.24792766571044922
464	0.997157787189743	1.001594004143347	0.2532649040222168
465	0.9971106542498873	1.0016185943683225	0.2591686248779297
466	0.9970629296831717	1.001652735261034	0.2639031410217285
467	0.9970234878924975	1.001684351264574	0.2681264877319336
468	0.996986018191357	1.0017090512673394	0.27287960052490234
469	0.9969479568633565	1.001735507714746	0.276735782623291
470	0.99691423413233	1.0017559263836988	0.28070497512817383
471	0.9968821876774073	1.0017760157192814	0.284609317779541
472	0.9968497468045778	1.0017954463881238	0.2872343063354492
473	0.9968268705659868	1.001808839278512	0.28990602493286133
474	0.996803304096059	1.0018209148354198	0.29241371154785156
475	0.996782301342525	1.001833868614648	0.2950873374938965
476	0.9967603125442241	1.0018471517272463	0.2970008850097665
477	0.9967437469921411	1.0018565926171923	0.29831600189208984
478	0.9967353656116228	1.001867460618409	0.2996196746826172
479	0.996724026096804	1.0018747059525537	0.30031824111938477
480	0.9967231386565137	1.0018850250648201	0.30112743377685636
481	0.9967180112237262	1.001891501954434	0.3014249801635742
482	0.9967166307610525	1.001895783288247	0.3014717102050781
483	0.9967164335520992	1.0018972103995176	0.30118227005004883
484	0.9967190958729697	1.0018971006217277	0.3007030487060547
485	0.9967237302833739	1.0018967712883575	0.29976654052734375
486	0.9967316186415087	1.0018934779546553	0.2984452247619629
487	0.9967427609473741	1.0018887575096824	0.2973527908325204
488	0.996752226977136	1.0018841468424995	0.29540157318115234
489	0.9967683981113123	1.0018764623971947	0.29379844665527344
490	0.9967820055290949	1.0018697659520004	0.29148006439208984
491	0.9968012334020486	1.0018602152842644	0.28862667083740234
492	0.9968251942898831	1.0018477006161965	0.2859697341918954
493	0.9968489579687644	1.0018367228371896	0.28264713287353516
494	0.9968767644311897	1.0018226712800609	0.2795405387878418
495	0.996903289035418	1.0018093881674626	0.27633237838745117
496	0.9969306024754598	1.0017955561659138	0.2722296714782724
497	0.9969653112512531	1.0017779917195027	0.268435001373291
498	0.9969983437509427	1.001760646828672	0.26393651962280273
499	0.9970355176386531	1.00174165527099	0.25891637802124023
500	0.9970756496606641	1.0017173943793847	0.25492429733276367
501	0.9971111472722708	1.0017008179330842	0.2502584457397461
502	0.997151180689805	1.0016809481530817	0.24517822265625
503	0.9971937778237331	1.001657675261587	0.23868751525878906
504	0.9972471228456199	1.001628913480589	0.23300838470458984
505	0.997295044621289	1.0016038841444532	0.22802495956420898
506	0.9973398110537042	1.0015822579198097	0.22175359725952148
507	0.9973922686353008	1.0015544841389221	0.21666812896728516
508	0.9974358518139957	1.0015316503585878	0.20877313613891602
509	0.9975004377462247	1.001495423687865	0.20240211486816406
510	0.9975525995143912	1.001465125017806	0.19577741622924805
511	0.9976087054616253	1.0014351556811172	0.18898868560791016
512	0.9976655016401961	1.0014052961222184	0.18306779861450195
513	0.9977166773635957	1.0013803765638727	0.17491722106933594
514	0.9977819535271615	1.001341295670608	0.16637754440307617
515	0.9978518641011314	1.0013003485549123	0.1605687141418466
516	0.9979046174961581	1.001275758329937	0.15176963806152344
517	0.9979785708536721	1.0012371165478327	0.1453723907470703
518	0.9980314228531755	1.001202975655121	0.1371164321899414
519	0.9980981780838915	1.0011529169828497	0.12793970108032227
520	0.9981724272548356	1.0011005529769867	0.12012338638305664
521	0.9982393796945049	1.0010592765279207	0.11099767684936523
522	0.998316784208703	1.0010178903010647	0.10305976867675781
523	0.9983840324618024	1.0009812245191818	0.09543895721435636
524	0.9984495058343216	1.0009453271818292	0.08620023727416992
525	0.9985252340724159	1.0009007573990611	0.07801389694213867
526	0.9985945530195257	1.0008602493945256	0.06890487670898349
527	0.9986688021904698	1.0008173262786086	0.05907583236694336
528	0.9987477843762949	1.0007691338287683	0.05169248580932617
529	0.9988125675174772	1.000735212491637	0.04328489303588867
530	0.9988854362257477	1.0006990955987043	0.03453826904296875
531	0.9989596853966918	1.000658697371959	0.02374553680419922
532	0.9990450768735013	1.0006056746993555	0.014544486999511719
533	0.9991223827832226	1.0005639591391293	0.006852149963378906
534	0.9991931807974828	1.0005309160243185	-0.002655506134033203
535	0.9992711769385408	1.0004867853527109	-0.010131359100341797
536	0.9993360586841998	1.0004534129045297	-0.021370887756347656
537	0.9994261831758903	1.0003992924540257	-0.03017711639404297
538	0.9994997421154976	1.0003580160049599	-0.03911924362182617
539	0.9995771466296957	1.0003182764449547	-0.04805183410644531
540	0.9996509027782563	1.000277329329259	-0.0556340217590332
541	0.999716178941822	1.0002443959922382	-0.06580877304077148
542	0.9997995983290978	1.0001965328757683	-0.07628870010375977
543	0.9998842009700939	1.0001449373144358	-0.08304738998413086
544	0.9999387292457009	1.0001065150879116	-0.09324884414672763
545	1.0000234304911737	1.000059420415972	-0.1004486083984375
546	1.000081311318988	1.00002451107873	-0.10951709747314364
547	1.0001572367660359	0.9999825759629237	-0.11936759948730558
548	1.0002369091831975	0.9999326270684423	-0.12772178649902255
549	1.0003075099885044	0.9998916799527465	-0.13726472854614347
550	1.0003846186892722	0.9998476590589288	-0.14529848098754883
551	1.0004503878752213	0.9998095661657749	-0.15291738510131836
552	1.0005163542701239	0.9997755350508535	-0.1619420051574716
553	1.000588434142581	0.9997314043792458	-0.16980791091918945
554	1.0006546963509135	0.999693640819462	-0.1783742904663086
555	1.0007254943651736	0.9996548892595676	-0.18744182586669833
556	1.0007989547003042	0.9996119661436507	-0.19413089752197354
557	1.0008579201773622	0.999582326140332	-0.20155858993530362
558	1.0009217172737777	0.999550380803422	-0.20918083190918058
559	1.0009848241388561	0.9995142639104893	-0.21839618682861328
560	1.0010579886605568	0.999469584349931	-0.22614669799804688
561	1.0011220815704023	0.9994346750126891	-0.23249197006225675
562	1.001179765189263	0.9994077794541223	-0.2401895523071289
563	1.0012433650767252	0.9993738581169909	-0.2460784912109366
564	1.0012938505687883	0.999346852780634	-0.2548656463623056
565	1.0013649443964783	0.9993066741094686	-0.261568546295166
566	1.0014098094333703	0.9992287318785197	-0.2681746482849121
567	1.0014612809702	0.9991786732062482	-0.27469730377197354
568	1.0015118650667396	0.9991366283126517	-0.28005409240722745
569	1.001556532894678	0.9991072078649132	-0.2872128486633301
570	1.0016116527971453	0.9990673585271181	-0.2943401336669913
571	1.0016691392070527	0.9990287167450138	-0.2989377975463867
572	1.001710454482784	0.99900665140921	-0.3056168556213379
573	1.0017640953181008	0.9989724007387084	-0.3101482391357413
574	1.0017972264222672	0.9989457247357216	-0.31581783294677646
575	1.0018419928546822	0.9989163042879832	-0.32177305221557617
576	1.001888139749771	0.9988824927286419	-0.3266777992248535
577	1.0019297508389322	0.9988576829480863	-0.3320822715759286
578	1.0019700800698965	0.9988279331669776	-0.3365049362182617
579	1.0020068595397003	0.9988065264979141	-0.3406186103820801
580	1.0020430473826438	0.9987885229403428	-0.3453068733215332
581	1.0020808128972143	0.9987659087155886	-0.34929895401000977
582	1.00211098586708	0.9987425260463039	-0.3535337448120117
583	1.002144511389153	0.9987226562663014	-0.35781431198120117
584	1.0021787271425628	0.9987020180417684	-0.3608722686767587
585	1.002206632209465	0.9986895033737005	-0.36415576934814364
586	1.0022314805375896	0.99867270737182	-0.36739778518676847
587	1.002258892582108	0.9986582167035308	-0.3712038993835449
588	1.0022892627609272	0.9986414207016503	-0.3742198944091806
589	1.0023141110890519	0.9986287962557924	-0.3765683174133301
590	1.0023350152381092	0.998618806476896	-0.37917757034301847
591	1.0023522710215291	0.998602778919546	-0.38106775283813477
592	1.002368639364659	0.9985938869185504	-0.38373327255249023
593	1.0023901351405764	0.9985815918060627	-0.3856334686279306
594	1.0024057146478926	0.9985730291384373	-0.3873615264892587
595	1.0024206039238721	0.9985656740265026	-0.38891935348510653
596	1.0024339155282247	0.9985594166924687	-0.39004993438720703
597	1.0024446634161834	0.9985556842476064	-0.3914031982421875
598	1.0024558057220487	0.9985496464691526	-0.39258623123168856
599	1.0024646801249506	0.998543828246279	-0.3932027816772461
600	1.0024706949980282	0.9985415229126875	-0.3939337730407715
601	1.0024769070800594	0.9985387784679357	-0.39431142807006836
602	1.0024799638188366	0.998537570912245	-0.39458131790161133
603	1.0024827247441839	0.9985369122455046	-0.3946833610534668
604	1.0024841052068576	0.9985371318010847	-0.39458703994750977
605	1.0024839079979042	0.9985382295789854	-0.3942775726318368
606	1.0024813442815104	0.9985400958014166	-0.39388275146484375
607	1.0024782875427332	0.9985429500239584	-0.3932971954345694
608	1.0024736531323288	0.9985460238020804	-0.3924098014831534
609	1.002467638259251	0.9985511833582136	-0.3914947509765625
610	1.002460735945883	0.998556672247717	-0.3903183937072745
611	1.0024507768937378	0.9985619415816404	-0.3888683319091806
612	1.0024395359833957	0.9985700651381054	-0.3876075744628915
613	1.0024288866999136	0.9985761029165592	-0.3860645294189444
614	1.002417251371665	0.9985843362508144	-0.384279727935791
615	1.0024026579091154	0.9985926793628597	-0.3819756507873526
616	1.002384317476452	0.9986044255863971	-0.3798069953918466
617	1.0023675547154154	0.9986158424765642	-0.3778820037841806
618	1.0023500031185655	0.9986242953663995	-0.37533092498779297
619	1.0023291975739848	0.9986356024787767	-0.37322711944580167
